ticker,date,close,daily_return,MA_20,MA_50,volatility
INFY.NS,2025-05-02,1456.5930649551544,,1456.5930649551544,1456.5930649551544,
INFY.NS,2025-05-05,1471.4532464465005,0.010202013073434157,1464.0231557008274,1464.0231557008274,
INFY.NS,2025-05-06,1462.7120452184295,-0.005940522574659268,1463.5861188733616,1463.5861188733616,
INFY.NS,2025-05-07,1456.8844481471906,-0.003984104110094089,1461.9107011918188,1461.9107011918188,
INFY.NS,2025-05-08,1464.654491996011,0.0053333288434112,1462.4594593526572,1462.4594593526572,
INFY.NS,2025-05-09,1457.5642989506216,-0.004840863892566993,1461.6435992856514,1461.6435992856514,
INFY.NS,2025-05-12,1492.8209942326298,0.024188775278998875,1466.0975128495052,1466.0975128495052,
INFY.NS,2025-05-13,1562.7513505672503,0.04684443520340986,1478.1792425642234,1478.1792425642234,
INFY.NS,2025-05-14,1528.75740058924,-0.02175262876315609,1483.7990379003363,1483.7990379003363,
INFY.NS,2025-05-15,1544.1033749720434,0.010038201206344688,1489.8294716075072,1489.8294716075072,
INFY.NS,2025-05-16,1566.2479103864578,0.014341355490409047,1496.7766024055936,1496.7766024055936,
INFY.NS,2025-05-19,1531.1856318206726,-0.022386161432856322,1499.6440215235168,1499.6440215235168,
INFY.NS,2025-05-20,1524.8723866170074,-0.004123108963710931,1501.5846649922469,1501.5846649922469,
INFY.NS,2025-05-21,1522.832797268108,-0.0013375475658158331,1503.1023887262368,1503.1023887262368,
INFY.NS,2025-05-22,1510.7892156499267,-0.00790866971067794,1503.614843854483,1503.614843854483,
INFY.NS,2025-05-23,1505.447258808557,-0.0035358717060153255,1503.7293697891125,1503.7293697891125,
INFY.NS,2025-05-26,1521.5700705826603,0.010709649029394086,1504.7788227769684,1504.7788227769684,
INFY.NS,2025-05-27,1534.4878415209876,0.008489764085186424,1506.4293238183027,1506.4293238183027,
INFY.NS,2025-05-28,1535.556238237006,0.0006962562277192941,1507.962319314024,1507.962319314024,
INFY.NS,2025-05-29,1543.3262208282474,0.005060044300404298,1509.7305143897352,1509.7305143897352,
INFY.NS,2025-05-30,1547.3124739974683,0.00258289732619299,1514.2664848418508,1511.520131513913,
INFY.NS,2025-06-02,1536.4782943781508,-0.00700193387010406,1517.5177372384333,1512.6545934622873,
INFY.NS,2025-06-03,1535.4933708621093,-0.0006410266384141439,1521.1568035206174,1513.6475837840187,
INFY.NS,2025-06-04,1519.7346010168856,-0.010263000898776853,1524.2993111641022,1513.9012095020546,
INFY.NS,2025-06-05,1524.5607331925255,0.003175641439242538,1527.2946232239278,1514.3275904496736,
INFY.NS,2025-06-06,1531.2581829658582,0.004393035729910011,1530.9793174246895,1514.9787670849114,
INFY.NS,2025-06-09,1554.2069160448225,0.014986847635658274,1534.0486135152992,1516.4316614908341,
INFY.NS,2025-06-10,1560.116482612782,0.003802303610254354,1533.9168701175759,1517.9918336737608,
INFY.NS,2025-06-11,1566.1244242034918,0.0038509570648521674,1535.7852212982884,1519.651578174786,
INFY.NS,2025-06-12,1592.6188275892266,0.01691717655141578,1538.2109939291477,1522.0838198219342,
INFY.NS,2025-06-13,1552.2369998927122,-0.0253556136578148,1537.51044840446,1523.0565030500236,0.22450519842649208
INFY.NS,2025-06-16,1575.875214344727,0.015228482798469889,1539.744927530663,1524.7070877779831,0.22652210659564634
INFY.NS,2025-06-17,1596.2630097727385,0.012937442788887976,1543.3144586884496,1526.8754490505514,0.2270994296294731
INFY.NS,2025-06-18,1596.5585788351507,0.00018516313452265898,1547.0007477668019,1528.9249528677456,0.22630295593847957
INFY.NS,2025-06-19,1599.4148737815738,0.001789032350135944,1551.432030673384,1530.9389506081407,0.2262394712294752
INFY.NS,2025-06-20,1594.58871180959,-0.0030174547274111063,1555.8891033234356,1532.7069995304032,0.22574902367971736
INFY.NS,2025-06-23,1576.8601291540897,-0.011117965732606594,1558.6536062520072,1533.9003273580704,0.22020763075444477
INFY.NS,2025-06-24,1576.860073737694,-3.514350743749617e-08,1560.7722178628426,1535.0308469996394,0.17421244670211997
INFY.NS,2025-06-25,1566.025955644839,-0.006870690857923911,1562.295703733234,1535.8255933751575,0.16276261669949188
INFY.NS,2025-06-26,1584.5425210067874,0.011823919836835506,1564.3565187421611,1537.043516565948,0.1637176762565033
INFY.NS,2025-06-27,1594.5886581952298,0.006340086842263615,1566.7203279520493,1538.4470566056866,0.1596059031803017
INFY.NS,2025-06-30,1590.648993297183,-0.0024706465067333427,1569.4288628980007,1539.689959860246,0.14433825510497356
INFY.NS,2025-07-01,1584.7395342639384,-0.003715124492044808,1571.8911710680923,1540.737624381262,0.14420957228748757
INFY.NS,2025-07-02,1593.6038341220215,0.005593537402473148,1575.584632723349,1541.9391291480977,0.14449664440627932
INFY.NS,2025-07-03,1594.0962765801005,0.00030901184317899677,1579.0614098927279,1543.098176868809,0.14175643938115848
INFY.NS,2025-07-04,1600.4981989662078,0.004016019910567659,1582.5234106927453,1544.3460034361437,0.14096019130822587
INFY.NS,2025-07-07,1615.2721260131761,0.00923083016057813,1585.576671191163,1545.8550698739527,0.1402368893749589
INFY.NS,2025-07-08,1603.4529602070286,-0.007317135989537427,1587.7434950708753,1547.0550259225586,0.1413899396873844
INFY.NS,2025-07-09,1613.1052929685202,0.006019716824274823,1590.0925385091268,1548.4029905561495,0.14196600709784152
INFY.NS,2025-07-10,1614.1886858160015,0.0006716194238551854,1591.1710314204654,1549.7187044613465,0.14162806906886455
INFY.NS,2025-07-11,1555.2902357933656,-0.03648795865079535,1591.3236932154982,1551.6926478781108,0.1793615845835711
INFY.NS,2025-07-14,1567.7988696310574,0.008042636383755797,1590.9198759798148,1553.6195603418018,0.17938772533563732
INFY.NS,2025-07-15,1541.5013602388092,-0.016773522357773296,1588.1817935031181,1555.1953466422096,0.18641883167179207
INFY.NS,2025-07-16,1555.1918577227598,0.00888127499402902,1586.1134574474986,1557.1614948337208,0.18533822535899053
INFY.NS,2025-07-17,1573.9053927711557,0.012032943045237943,1584.8379833969777,1559.3465128492242,0.18806770393963756
INFY.NS,2025-07-18,1568.0942241264431,-0.0036921969207316385,1583.5132590128205,1561.5571113527403,0.18830876467221785
INFY.NS,2025-07-21,1556.1767745731315,-0.007599957559916826,1582.4790912837725,1562.8242269595503,0.184934318021047
INFY.NS,2025-07-22,1541.4029254290974,-0.009493683099136785,1580.7062338683427,1562.3972584567873,0.1866336694852423
INFY.NS,2025-07-23,1552.5325511946266,0.007220451954462748,1580.0315636458322,1562.872761468895,0.1875436166296423
INFY.NS,2025-07-24,1556.1767861186595,0.0023472840690061947,1578.6132769014257,1563.1142296918272,0.18059838631049233
INFY.NS,2025-07-25,1520.12860228797,-0.02316458139733546,1574.8902741060624,1562.1918435298576,0.17809423973793984
INFY.NS,2025-07-28,1491.0734115180542,-0.019113639942162974,1569.9114950171063,1561.389599123805,0.17932186931853772
INFY.NS,2025-07-29,1490.0884773327002,-0.0006605537847739207,1565.1789421705441,1560.6939209381192,0.1738721004148716
INFY.NS,2025-07-30,1496.9830114866083,0.0046269293795557775,1560.3479010387737,1560.1769252224892,0.17488255254435106
INFY.NS,2025-07-31,1486.936711768862,-0.0067110312145557405,1554.9899227982119,1559.6998751448677,0.17498149792963213
INFY.NS,2025-08-01,1471.3749358302919,-0.010465661258748482,1548.533759641416,1559.0184286853025,0.17654616069107687
INFY.NS,2025-08-04,1439.4634841975633,-0.021688184877718508,1539.7433275506353,1557.3762969576005,0.18349060351466637
INFY.NS,2025-08-05,1456.4040844682859,0.011768690527197423,1532.3908837636982,1555.8146218165464,0.1882537223645137
INFY.NS,2025-08-06,1430.1067078263497,-0.018056373861061292,1523.2409545065896,1553.7056312083334,0.19319737646848298
INFY.NS,2025-08-07,1408.4383894942564,-0.015151539541428671,1512.9534396905024,1551.0078745816538,0.19108033906784408
INFY.NS,2025-08-08,1403.5138318764698,-0.0034964664798400324,1505.3646194946575,1548.1319017392336,0.18863367674342965
INFY.NS,2025-08-11,1398.4907470266712,-0.0035789350526619357,1496.8992133644383,1545.3721507922041,0.18857392006027662
INFY.NS,2025-08-12,1406.6655976905836,0.0058454806950227756,1490.157425237027,1542.7955953287735,0.1908159808196
INFY.NS,2025-08-13,1403.5138705026145,-0.002240566054322657,1482.5735258760196,1540.471180718488,0.18877081100754814
INFY.NS,2025-08-14,1404.6956380205245,0.0008420062977267939,1474.1130381384883,1538.0738788150481,0.18888664551087497
INFY.NS,2025-08-18,1442.6151494914589,0.026994823963695014,1467.839084406739,1536.30101814556,0.20825468697821758
INFY.NS,2025-08-19,1411.0977408332749,-0.021847412783162823,1460.585132719746,1533.438834641329,0.21136712784834144
INFY.NS,2025-08-20,1418.9770874002822,0.0055838418126545886,1454.4638408183052,1530.6160467370792,0.21312414790070783
INFY.NS,2025-08-21,1485.262351237006,0.04671341378609961,1451.1003308204245,1528.9988052777494,0.25768757396000275
INFY.NS,2025-08-22,1475.5115598317454,-0.006565029671114719,1447.0670695060785,1526.6566599225998,0.25773744893131795
INFY.NS,2025-08-25,1483.981859694785,0.005740585227272277,1445.2597323764196,1525.2915571186413,0.2381813892042415
INFY.NS,2025-08-26,1500.03616013844,0.010818393997725106,1445.7078698074388,1523.7747760345153,0.23927658117549255
INFY.NS,2025-08-28,1506.5366438633127,0.004333551348703946,1446.5302781339694,1521.980248716327,0.23524983540480066
INFY.NS,2025-08-29,1479.254311487481,-0.018109305529980357,1445.643843134013,1519.6341633693737,0.23871863578453767
INFY.NS,2025-09-01,1454.4343120627393,-0.016778723733976153,1444.0187231487066,1516.7345521349969,0.23906846776653198
INFY.NS,2025-09-02,1476.7920565936874,0.015372123956041372,1444.2895791868764,1514.378619030679,0.24457735328166297
INFY.NS,2025-09-03,1477.3829894013984,0.0004001462528677724,1446.1855544470684,1512.389076235625,0.2440511067112833
INFY.NS,2025-09-04,1461.6242804276317,-0.010666637619911823,1446.4465642450355,1510.0843603694238,0.2444034864580915
INFY.NS,2025-09-05,1447.835279098319,-0.009434025907997579,1447.3329928086341,1507.7205468384936,0.2439132822394044
INFY.NS,2025-09-08,1429.1218644887508,-0.01292509920135565,1448.3671665583588,1504.6121337081327,0.2454444469891562
INFY.NS,2025-09-09,1458.6694341238242,0.02067533243264985,1451.1249466707263,1501.8937492267046,0.24659831076773744
INFY.NS,2025-09-10,1487.330709756259,0.01964891767931687,1455.566944807206,1499.827383555886,0.2477983896434003
INFY.NS,2025-09-11,1500.922609577238,0.009138451678447845,1460.2797954015386,1498.1510450621522,0.24918368612307243
INFY.NS,2025-09-12,1513.8250582606502,0.00859634507541096,1465.7953547894406,1496.5554695449246,0.25003849194848493
INFY.NS,2025-09-15,1502.5969824151846,-0.007417023376774079,1470.6904220091733,1494.725483661626,0.25022352360576744
INFY.NS,2025-09-16,1485.656397411633,-0.011274204062570625,1472.842484405182,1492.428647630535,0.25054130856106893
INFY.NS,2025-09-17,1494.028241371192,0.0056351145353292775,1476.989009432078,1490.003769937695,0.24193719820313447
INFY.NS,2025-09-18,1526.6291407021617,0.021820805275440502,1482.371612097172,1488.4672935475976,0.24739065323609213
INFY.NS,2025-09-19,1521.3104874589542,-0.0034839196379817805,1484.1740189082693,1486.6313974374068,0.24080214001606398
INFY.NS,2025-09-22,1460.3437656419162,-0.040075134116028255,1483.4156291987779,1483.5544990339247,0.26590946722244846
INFY.NS,2025-09-23,1470.4885054191882,0.006946816233240005,1482.740961484998,1481.858464426441,0.2659807474333795
INFY.NS,2025-09-24,1464.7758845360097,-0.003884845656477953,1480.9779477048764,1479.7980047245403,0.2660348816563048
INFY.NS,2025-09-25,1466.5488557470633,0.0012104044241656453,1478.978558299064,1478.2989546347055,0.2657432721768573
INFY.NS,2025-09-26,1452.7599061754568,-0.009402311772683802,1477.6538380334628,1476.2503156037594,0.26743053846157366
INFY.NS,2025-09-29,1437.9860786678707,-0.010169490116560098,1476.8314263637196,1473.5319293216933,0.2694861061342957
INFY.NS,2025-09-30,1421.2424051491353,-0.011643835616438336,1474.0539437914917,1470.5948929421472,0.26010349152198664
INFY.NS,2025-10-01,1424.197180444367,0.002079008678974592,1471.3946533436401,1467.9553010595723,0.2520535114531119
INFY.NS,2025-10-03,1417.3027030735375,-0.004840957042674621,1469.1785744759356,1465.4732966124607,0.2520119134626468
INFY.NS,2025-10-06,1424.7881421800753,0.005281468165061032,1468.0262176300234,1462.9184084321698,0.21059942139265528
INFY.NS,2025-10-07,1455.4191203786977,0.02149861954336152,1469.3410804245207,1460.9032551173705,0.21999853815422687
INFY.NS,2025-10-08,1435.0313384295307,-0.014008186139441436,1468.159175639806,1459.201309840202,0.222666520112911
INFY.NS,2025-10-09,1479.352867871771,0.030885408740094045,1467.7602835455816,1458.9668989672762,0.23893986842780518
INFY.NS,2025-10-10,1487.2322078030077,0.005326207223684376,1467.0757634568704,1458.9097735766823,0.23912630414964883
INFY.NS,2025-10-13,1474.4281763502415,-0.00860930215576805,1465.1059193613496,1458.4586768739548,0.23452591552768748
INFY.NS,2025-10-14,1476.3980688327763,0.0013360382785216895,1463.7959736822293,1458.2479040152334,0.22907977018238926
INFY.NS,2025-10-15,1461.5258266826634,-0.010073328097665923,1462.589445145781,1458.0509218322807,0.22668026671036234
INFY.NS,2025-10-16,1451.6765810210527,-0.006739015816070948,1460.4718621282739,1458.2951837687503,0.22744603346088776
INFY.NS,2025-10-17,1432.9630656678505,-0.01289096731176842,1455.7885583765583,1457.826363392742,0.22840058983266598
INFY.NS,2025-10-20,1431.781048131079,-0.0008248764850200541,1451.3120864101645,1457.8598501988363,0.2268515777841425
INFY.NS,2025-10-21,1455.7147580634262,0.016716040461345782,1451.0806360312401,1458.8053775702197,0.2287446371977284
INFY.NS,2025-10-23,1487.2321904325627,0.02165082973471044,1451.917820281909,1460.4797447413416,0.22950053390915162
INFY.NS,2025-10-24,1516.2874003977408,0.01953643160233609,1454.4933960749954,1462.835677808763,0.22942024958661783
INFY.NS,2025-10-27,1510.0,-0.00414657564000831,1456.6659532876422,1464.9023658549515,0.2284251258966403
INFY.NS,2025-10-28,1499.699951171875,-0.006821224389486735,1459.012955537463,1466.8260874683367,0.22792996614703992
INFY.NS,2025-10-29,1500.199951171875,0.00033340002419102177,1462.1236491626632,1468.7361737313636,0.22690582465549858
INFY.NS,2025-10-30,1507.0,0.004532761664745477,1466.4115289052065,1470.0238707415347,0.22466723018507131
INFY.NS,2025-10-31,1490.0,-0.011280690112806857,1469.7016698829882,1471.601915924869,0.22669505643670085
INFY.NS,2025-11-03,1482.300048828125,-0.005167752464345643,1472.9515371707175,1472.8683751534256,0.21743558232396007
INFY.NS,2025-11-04,1479.699951171875,-0.0017540967217167802,1475.6971276203076,1472.757127152123,0.2173140938166626
INFY.NS,2025-11-06,1478.5999755859375,-0.0007433774564000739,1476.8561703806695,1472.818895467207,0.1827457499881415
INFY.NS,2025-11-07,1470.0,-0.005816296312685543,1478.604603459193,1472.5392582733114,0.18256345466158067
INFY.NS,2025-11-10,1490.0999755859375,0.013673452779549233,1479.1419588449012,1472.3405345822614,0.18632673960964297
INFY.NS,2025-11-11,1525.0,0.023421263664096914,1481.0303484547508,1472.709801704995,0.19769337768223133
INFY.NS,2025-11-12,1540.0,0.009836065573770592,1484.3089396372388,1473.9247154752454,0.19643640114031816
INFY.NS,2025-11-13,1557.0999755859375,0.01110388025060871,1488.3440349748969,1475.9780287457095,0.19463391266745855
INFY.NS,2025-11-14,1520.0,-0.023826328538716135,1491.2677436407637,1476.8421876138354,0.2053581176155211
INFY.NS,2025-11-17,1496.0,-0.015789473684210575,1493.483914589711,1477.2145278258076,0.2119657321628348
INFY.NS,2025-11-18,1506.0,0.006684491978609541,1497.1357613063187,1478.1020422172548,0.21149414659951876
INFY.NS,2025-11-19,1490.5,-0.010292164674634785,1500.0717088997646,1478.9553366352886,0.214263696283677
INFY.NS,2025-11-20,1555.0,0.043274069104327406,1505.0359709965933,1481.4728993455137,0.23963634661478436
INFY.NS,2025-11-21,1531.0,-0.015434083601286175,1507.2243614749652,1482.919510663037,0.2405145056966134
INFY.NS,2025-11-24,1563.5999755859375,0.021293256424518292,1509.589990234375,1484.444895979631,0.2320555519391227
INFY.NS,2025-11-25,1549.0,-0.009337410983564665,1511.539990234375,1485.4064437880859,0.23408466439401326
INFY.NS,2025-11-26,1532.0999755859375,-0.010910280448071297,1513.1599914550782,1485.7719421345919,0.23503793189979996
INFY.NS,2025-11-27,1564.0,0.020821111495588074,1516.3499938964844,1487.0000024862882,0.2416930456624703
INFY.NS,2025-11-28,1565.0,0.0006393861892584063,1519.2499938964843,1488.5868745380553,0.23900907370868826
INFY.NS,2025-12-01,1562.5,-0.0015974440894568342,1522.8749938964843,1489.9563097106316,0.23776360511314737
INFY.NS,2025-12-02,1567.0,0.0028799999999999937,1527.1099914550782,1490.7637268965884,0.23320616117846507
INFY.NS,2025-12-03,1555.0999755859375,-0.007594144488872079,1530.8799926757813,1491.4395166591282,0.23501151935427
INFY.NS,2025-12-04,1568.0,0.008295302306337016,1535.3499938964844,1493.5926413462896,0.23194542207553542
INFY.NS,2025-12-05,1610.0,0.02678571428571419,1542.3499938964844,1496.3828712379059,0.2360547938385448
INFY.NS,2025-12-08,1617.0999755859375,0.004409922724184723,1548.6999938964843,1499.4293530589046,0.2307201631845713
INFY.NS,2025-12-09,1601.199951171875,-0.009832431299308664,1552.509991455078,1502.1223749674007,0.23267005120663822
INFY.NS,2025-12-10,1608.0,0.004246845513046882,1555.9099914550782,1505.2271768438916,0.23120575994861858
INFY.NS,2025-12-11,1598.0,-0.006218905472636815,1557.9549926757813,1508.4274552705342,0.23249799257233214
INFY.NS,2025-12-12,1601.4000244140625,0.002127674852354433,1562.0249938964844,1512.0306076558327,0.2323936768001635
INFY.NS,2025-12-15,1585.0,-0.010241054180115339,1566.4749938964844,1515.2466640469452,0.23189134337813425
INFY.NS,2025-12-16,1600.0,0.009463722397476282,1571.1749938964845,1518.9006099854748,0.23174850081018686
INFY.NS,2025-12-17,1587.199951171875,-0.008000030517578138,1576.009991455078,1522.1488461653105,0.2334810036657855
INFY.NS,2025-12-18,1610.5,0.014679970731426684,1578.7849914550782,1525.2504637577367,0.2359177322939944
INFY.NS,2025-12-19,1650.0,0.02452654455138159,1584.7349914550782,1529.5498369891461,0.24241252412165717
INFY.NS,2025-12-22,1664.0,0.00848484848484854,1589.7549926757813,1533.2427796317106,0.24107039932632818
INFY.NS,2025-12-23,1679.0,0.009014423076923128,1596.2549926757813,1537.0781354756505,0.23440305895320648
INFY.NS,2025-12-24,1661.0,-0.010720667063728428,1602.6999938964843,1540.8095719486457,0.23699208786289222
INFY.NS,2025-12-26,1663.4000244140625,0.0014449274016028468,1607.6699951171875,1544.5496110602712,0.2356409568850941
INFY.NS,2025-12-29,1658.0,-0.003246377500784714,1612.3199951171875,1548.4790945266182,0.22301693860542712
INFY.NS,2025-12-30,1647.0,-0.006634499396863669,1616.5449951171875,1552.3855629061973,0.21783434949539082
INFY.NS,2025-12-31,1621.0,-0.015786278081360017,1619.2449951171875,1556.1463015928398,0.22443639159687345
INFY.NS,2026-01-01,1615.4000244140625,-0.0034546425576419404,1622.2599975585938,1559.8186811184996,0.2218967990296206
INFY.NS,2026-01-02,1635.9000244140625,0.012690355138155862,1625.6549987792969,1563.4223864455125,0.18860359435849178
INFY.NS,2026-01-05,1637.0,0.0006723978051967894,1627.0049987792968,1566.4177426368612,0.1814869496547933
INFY.NS,2026-01-06,1600.0999755859375,-0.022541248878474307,1626.1549987792969,1568.093994140625,0.18602690155517043
INFY.NS,2026-01-07,1615.0,0.009311933405039996,1626.8450012207031,1570.193994140625,0.18501435642120898
INFY.NS,2026-01-08,1638.9000244140625,0.014798776726973717,1628.3900024414063,1572.9779956054688,0.18508501482631384
INFY.NS,2026-01-09,1610.0,-0.017633793387973662,1628.9900024414062,1575.1739965820314,0.18522872678057478
INFY.NS,2026-01-12,1610.0999755859375,6.209663722822611e-05,1629.425,1577.23599609375,0.1852469255991034
INFY.NS,2026-01-13,1618.0,0.0049065427823433705,1631.075,1579.79599609375,0.1854094740293362
INFY.NS,2026-01-14,1588.0,-0.018541409147095234,1630.475,1581.9099951171875,0.1939508567005112
INFY.NS,2026-01-15,1599.800048828125,0.007430761226778992,1631.1050048828124,1584.3119970703126,0.19337917515708283
INFY.NS,2026-01-16,1663.699951171875,0.039942430549716246,1633.7650024414063,1588.0139965820313,0.22318536984735335
INFY.NS,2026-01-19,1685.0,0.012802818689224393,1635.5150024414063,1592.3139965820312,0.21318592869550598
INFY.NS,2026-01-20,1673.0,-0.0071216617210682065,1635.9650024414063,1595.9719970703125,0.21448360763754282
INFY.NS,2026-01-21,1651.0,-0.013150029886431547,1634.5650024414062,1598.4919970703124,0.2161781535798684
INFY.NS,2026-01-22,1666.0,0.009085402786190189,1634.8150024414062,1601.0119970703124,0.217240386374716
INFY.NS,2026-01-23,1667.199951171875,0.0007202588066477222,1635.0049987792968,1603.2139965820313,0.2160890901231263
INFY.NS,2026-01-27,1685.800048828125,0.011156488844170198,1636.395001220703,1606.5299975585938,0.2178927652871505
INFY.NS,2026-01-28,1680.0,-0.0034405318899811688,1638.0450012207032,1610.2099975585938,0.21550437455976978
INFY.NS,2026-01-29,1658.0,-0.013095238095238049,1639.895001220703,1613.2499975585938,0.2186385147987159
INFY.NS,2026-01-30,1655.0,-0.001809408926417344,1641.875,1616.5399975585938,0.21708620492235176
INFY.NS,2026-02-02,1662.0,0.004229607250755274,1643.179998779297,1618.6799975585936,0.21365239191439792
INFY.NS,2026-02-03,1727.199951171875,0.039229814182836886,1647.6899963378905,1622.6039965820312,0.23117124676189524
INFY.NS,2026-02-04,1574.0,-0.0886984457519997,1646.3849975585938,1622.8119970703126,0.3481262086704203
INFY.NS,2026-02-05,1534.0,-0.02541296060991105,1642.3349975585938,1622.5119970703124,0.3532556638187548
INFY.NS,2026-02-06,1522.0999755859375,-0.007757512655842569,1636.4949951171875,1622.3119970703126,0.35277948884045884
INFY.NS,2026-02-09,1522.0999755859375,0.0,1632.0999938964844,1621.4739965820313,0.35265817742501016
INFY.NS,2026-02-10,1500.0,-0.014519398160708907,1626.5949951171874,1620.1739965820314,0.35431688964205443
INFY.NS,2026-02-11,1501.199951171875,0.0007999674479166607,1620.7549926757813,1618.9479956054688,0.35432492525290793
INFY.NS,2026-02-12,1428.9000244140625,-0.04816142360074904,1612.7999938964845,1616.18599609375,0.3763460933918294
INFY.NS,2026-02-13,1293.9000244140625,-0.09447826838365292,1597.5049926757813,1610.9619970703125,0.45880509993756285
INFY.NS,2026-02-16,1373.699951171875,0.061673951041116615,1583.0049926757813,1607.07599609375,0.4973705756656192
INFY.NS,2026-02-17,1370.0,-0.002693420181545947,1567.2549926757813,1602.27599609375,0.4971139132311635
INFY.NS,2026-02-18,1390.9000244140625,0.015255492273038351,1553.1499938964844,1597.7519970703124,0.4978779523323176
INFY.NS,2026-02-19,1385.0,-0.004241875268172435,1539.8499938964844,1593.427998046875,0.49623560843938497
INFY.NS,2026-02-20,1359.199951171875,-0.018628194099729267,1524.509991455078,1588.4519970703125,0.49432109296389987
INFY.NS,2026-02-23,1352.0,-0.005297197932995323,1508.7499938964843,1583.5319970703124,0.4930323559604016
INFY.NS,2026-02-24,1301.0,-0.037721893491124314,1489.509991455078,1577.5239965820313,0.5015331261678142
INFY.NS,2026-02-25,1286.199951171875,-0.011375902250672532,1469.8199890136718,1571.5479956054687,0.5005104957649382
INFY.NS,2026-02-26,1305.5,0.015005480921174374,1452.1949890136718,1565.6579956054688,0.5032984862134511
INFY.NS,2026-02-27,1326.300048828125,0.015932630278150173,1435.759991455078,1560.4399975585939,0.5058679187645878
INFY.NS,2026-03-02,1291.0,-0.026615432050473786,1417.2099914550781,1554.0499975585938,0.4901921200631611
INFY.NS,2026-03-04,1292.0,0.0007745933384972759,1395.4499938964843,1546.8899975585937,0.4869975376164819
INFY.NS,2026-03-05,1320.0,0.021671826625387025,1382.7499938964843,1540.0099975585938,0.49471507405438614
INFY.NS,2026-03-06,1303.0,-0.012878787878787934,1371.1999938964843,1532.4899975585938,0.49468823311642757
INFY.NS,2026-03-09,1290.0,-0.009976976208749044,1359.5949951171874,1525.0699975585937,0.4922551806209887
INFY.NS,2026-03-10,1320.0,0.023255813953488413,1349.4899963378907,1518.2019970703125,0.5000010289237015
INFY.NS,2026-03-11,1288.0,-0.024242424242424288,1338.8899963378906,1510.8019970703126,0.49919594317814964
INFY.NS,2026-03-12,1272.5,-0.01203416149068326,1327.4549987792968,1503.3119970703126,0.4990693098830032
INFY.NS,2026-03-13,1251.0,-0.016895874263261335,1318.5599975585938,1495.9119970703125,0.4994797753784368
INFY.NS,2026-03-16,1240.199951171875,-0.008633132556454814,1315.8749938964843,1488.4079956054688,0.4990348540463731
INFY.NS,2026-03-17,1245.0,0.003870383016536527,1309.4399963378905,1480.5899951171875,0.49895267271237176
INFY.NS,2026-03-18,1238.0,-0.005622489959839383,1302.8399963378906,1472.6099951171875,0.4776865839902472
INFY.NS,2026-03-19,1244.199951171875,0.005008038103291534,1295.5049926757813,1465.4919946289062,0.41801590562485574
INFY.NS,2026-03-20,1242.0,-0.0017681652935309655,1288.3549926757812,1458.0319946289062,0.4147987829399341
INFY.NS,2026-03-23,1238.199951171875,-0.003059620634561222,1282.3049926757812,1450.0179931640625,0.4149158440770396
INFY.NS,2026-03-24,1269.0,0.024874858700305147,1278.1549926757812,1443.1979931640626,0.424465930677255
INFY.NS,2026-03-25,1270.0,0.0007880220646176994,1276.6049926757812,1436.3959936523438,0.42401754159942995
INFY.NS,2026-03-27,1285.199951171875,0.011968465489665459,1276.5549926757812,1429.7399926757812,0.42661394808026193
INFY.NS,2026-03-30,1250.0,-0.027388696319027184,1273.7799926757812,1422.9799926757812,0.4122777167380151
INFY.NS,2026-04-01,1290.0,0.03200000000000003,1271.964990234375,1416.7839916992189,0.32514513465024936
INFY.NS,2026-04-02,1260.0,-0.023255813953488413,1270.414990234375,1408.7099926757812,0.274636007812813
INFY.NS,2026-04-06,1301.4000244140625,0.032857162233382864,1270.884991455078,1401.0379931640625,0.29336722701543305
INFY.NS,2026-04-07,1302.0,0.0004610231863240166,1269.9849914550782,1393.6179931640625,0.28910721701063713
INFY.NS,2026-04-08,1349.0,0.036098310291858615,1272.2849914550782,1387.5779931640625,0.3093672881785009
INFY.NS,2026-04-09,1329.9000244140625,-0.014158617928789807,1274.2799926757812,1380.8559936523438,0.3073806317879168
INFY.NS,2026-04-10,1318.0,-0.008948059399657149,1274.1799926757812,1373.8719946289064,0.30805246444911333
INFY.NS,2026-04-13,1272.0,-0.03490136570561453,1273.3799926757813,1365.5959936523439,0.30519953745730827
INFY.NS,2026-04-15,1306.300048828125,0.026965447191922065,1275.0699951171875,1358.1219946289064,0.3135231359268705
INFY.NS,2026-04-16,1322.0999755859375,0.01209517428402962,1278.6249938964843,1351.403994140625,0.31248136285220673
INFY.NS,2026-04-17,1313.0,-0.00688297084485201,1282.2649963378906,1344.563994140625,0.30974303994849217
INFY.NS,2026-04-20,1320.0,0.005331302361005319,1286.0149963378906,1337.723994140625,0.29970179796273977
INFY.NS,2026-04-21,1310.0,-0.007575757575757569,1289.6149963378907,1329.3799951171875,0.3007106433229245
INFY.NS,2026-04-22,1295.0,-0.011450381679389277,1292.1549987792969,1323.7999951171876,0.295858388754569
INFY.NS,2026-04-23,1254.0,-0.031660231660231686,1292.7549987792968,1318.1999951171874,0.30748262763924084
INFY.NS,2026-04-24,1200.0,-0.0430622009569378,1290.8450012207031,1311.7579956054688,0.32991970047420516
INFY.NS,2026-04-27,1154.5999755859375,-0.03783335367838536,1285.125,1304.4079956054688,0.33640739732316066
INFY.NS,2026-04-28,1162.699951171875,0.007015395597792962,1279.7599975585938,1297.6619946289063,0.3324280984585654
INFY.NS,2026-04-29,1158.5,-0.003612239914211668,1273.425,1290.8079956054687,0.33137625438907775
INFY.NS,2026-04-30,1167.5,0.007768666378938249,1269.3,1285.5799951171875,0.33003979861185084
M&M.NS,2025-05-02,2926.48833766527,,2926.48833766527,2926.48833766527,
M&M.NS,2025-05-05,2925.396986669802,-0.0003729216964311055,2925.942662167536,2925.942662167536,
M&M.NS,2025-05-06,3125.489635144685,0.06839845989677573,2992.458319826586,2992.458319826586,
M&M.NS,2025-05-07,2997.815243470502,-0.04084940491836653,2993.797550737565,2993.797550737565,
M&M.NS,2025-05-08,3102.4745041428077,0.03491184485110033,3015.5329414186135,3015.5329414186135,
M&M.NS,2025-05-09,2937.996148645794,-0.05301521584702207,3002.6101426231435,3002.6101426231435,
M&M.NS,2025-05-12,3020.4335255566752,0.028059048664471176,3005.1563401850767,3005.1563401850767,
M&M.NS,2025-05-13,3025.691419302203,0.001740774528238953,3007.7232250747174,3007.7232250747174,
M&M.NS,2025-05-14,3013.291037690517,-0.004098362950226364,3008.3418709209172,3008.3418709209172,
M&M.NS,2025-05-15,3060.4123230178493,0.015637814183208754,3013.5489161306105,3013.5489161306105,
M&M.NS,2025-05-16,3110.0140601201333,0.01620753410552611,3022.3184746751126,3022.3184746751126,
M&M.NS,2025-05-19,3090.173434284337,-0.006379593613486723,3027.9730546425476,3027.9730546425476,
M&M.NS,2025-05-20,3103.2680293156227,0.004237495179398643,3033.7649757712456,3033.7649757712456,
M&M.NS,2025-05-21,3038.587713565781,-0.020842645604190913,3034.1094570422842,3034.1094570422842,
M&M.NS,2025-05-22,3052.0796013365434,0.0044401837440886105,3035.3074666619013,3035.3074666619013,
M&M.NS,2025-05-23,2995.9305881133573,-0.01839696880730035,3032.8464117526173,3032.8464117526173,
M&M.NS,2025-05-26,3013.787018886935,0.005960228466048267,3031.725270995813,3031.725270995813,
M&M.NS,2025-05-27,3055.6506678516926,0.013890712483133116,3033.0544597100284,3033.0544597100284,
M&M.NS,2025-05-28,3015.4734292634766,-0.013148505164846891,3032.129142318104,3032.129142318104,
M&M.NS,2025-05-29,2975.097767082866,-0.013389493599508251,3029.2775735563423,3029.2775735563423,
M&M.NS,2025-05-30,2981.0501487209067,0.0020007348006843007,3032.005664109124,3026.98102951656,
M&M.NS,2025-06-02,2953.0749201156655,-0.00938435356991385,3033.3895607814175,3023.621660907428,
M&M.NS,2025-06-03,3017.7551035127403,0.02190265575603534,3028.0028341998204,3023.3665931946157,
M&M.NS,2025-06-04,3020.8305540015576,0.0010191186439341138,3029.153599726373,3023.2609248949047,
M&M.NS,2025-06-05,3053.468191807066,0.010804193489858172,3026.7032841095856,3024.4692155713915,
M&M.NS,2025-06-06,3017.358321442344,-0.011825854437131689,3030.671392749414,3024.195719643351,
M&M.NS,2025-06-09,3105.0537862199794,0.0290636561638844,3034.9024057825786,3027.190462849893,
M&M.NS,2025-06-10,3077.277036693918,-0.008945658091119912,3037.481686652164,3028.979269058608,
M&M.NS,2025-06-11,3060.4125058931113,-0.005480342068559851,3039.837760062294,3030.0631737770395,
M&M.NS,2025-06-12,3063.388426430681,0.0009723919673703119,3039.986565232936,3031.174015532161,
M&M.NS,2025-06-13,2908.631776810961,-0.050518128319768874,3029.9174510674775,3027.2210400895415,0.38951227771930896
M&M.NS,2025-06-16,2977.0819786339007,0.023533471087216373,3024.2628782849556,3025.6541944190526,0.3953853889338928
M&M.NS,2025-06-17,3018.747142579605,0.013995302865265291,3020.0368339481547,3025.4448898178575,0.3425732980495558
M&M.NS,2025-06-18,2976.0897778529916,-0.01413081742585498,3016.9119371625147,3023.9932688777144,0.32375367131614946
M&M.NS,2025-06-19,3013.78692885251,0.012666671308119604,3014.997303538313,3023.7016591627084,0.30896739177439475
M&M.NS,2025-06-20,3075.292790123237,0.0204081651167507,3018.965413638807,3025.134746133834,0.27219768513584935
M&M.NS,2025-06-23,3138.386069671237,0.020516186215060017,3025.195366178022,3028.195592715926,0.26666406340101156
M&M.NS,2025-06-24,3129.9538021095764,-0.002686816527497471,3028.9105228909166,3030.8734403315484,0.26692572304514833
M&M.NS,2025-06-25,3154.655251115204,0.007891953225948267,3035.8696139835033,3034.0473329157444,0.26709325269213974
M&M.NS,2025-06-26,3200.189278928195,0.014433915654299856,3047.1241895757694,3038.200881566056,0.2665683336827358
M&M.NS,2025-06-27,3179.4559336963066,-0.0064787871668742225,3057.0444788245395,3041.6461267399645,0.26388115336058954
M&M.NS,2025-06-30,3179.852851450725,0.00012483826248765872,3068.3833753912922,3044.936763042602,0.2630000479134106
M&M.NS,2025-07-01,3162.5914363148963,-0.00542836915486633,3075.6251920314,3047.6729182349804,0.26348571231136725
M&M.NS,2025-07-02,3142.7508768259927,-0.0062735133160362055,3081.721208172622,3049.8337809302307,0.25639123390713503
M&M.NS,2025-07-03,3139.973226191099,-0.0008838278131987343,3086.0464598918234,3051.8368797138055,0.256280114069339
M&M.NS,2025-07-04,3161.10009765625,0.006728360385027443,3093.2335487025184,3054.2121670603806,0.24996032047689226
M&M.NS,2025-07-07,3162.5,0.0004428528994662173,3096.1058593915195,3056.5161635059044,0.24969505912121412
M&M.NS,2025-07-08,3150.0,-0.0039525691699604515,3099.742007556824,3058.4637434328647,0.24748764199148734
M&M.NS,2025-07-09,3145.0,-0.0015873015873015817,3103.9713822621684,3060.229789485255,0.2439332922038765
M&M.NS,2025-07-10,3172.10009765625,0.00861688319753573,3109.4069658234466,3062.467195648675,0.24056178096746003
M&M.NS,2025-07-11,3158.0,-0.004445035535501574,3121.8753769828986,3067.0974288953694,0.241344286887296
M&M.NS,2025-07-14,3072.800048828125,-0.02697908523491921,3126.66128049261,3070.045490138536,0.2536530155173145
M&M.NS,2025-07-15,3086.10009765625,0.004328315743550304,3130.0289282464423,3069.2576993887674,0.24634822466770287
M&M.NS,2025-07-16,3128.60009765625,0.0137714262840265,3137.6544442366053,3071.873396472482,0.24917417678614642
M&M.NS,2025-07-17,3186.300048828125,0.018442737764759354,3146.280100235386,3073.5499073661886,0.25266776594702484
M&M.NS,2025-07-18,3208.0,0.006810391626443257,3152.915460729224,3078.949984393273,0.24985614545701992
M&M.NS,2025-07-21,3177.0,-0.009663341645885337,3154.846157245662,3082.0813138821395,0.23858397045046476
M&M.NS,2025-07-22,3246.699951171875,0.0219389207339864,3160.6834646987772,3086.5014845195324,0.2442617447644415
M&M.NS,2025-07-23,3260.0,0.004096482282979208,3165.9507021430168,3091.4356637657224,0.24332118629399965
M&M.NS,2025-07-24,3255.0,-0.0015337423312883347,3168.691238196607,3095.327417305365,0.24354143420798266
M&M.NS,2025-07-25,3256.0,0.0003072196620583778,3172.518441511792,3098.2471361029625,0.18573757170444838
M&M.NS,2025-07-28,3246.39990234375,-0.002948432941108692,3175.845794056443,3101.3716654641507,0.17698226518385954
M&M.NS,2025-07-29,3203.0,-0.013368624830359721,3177.8662222406983,3103.3663048778385,0.1798894081028019
M&M.NS,2025-07-30,3195.0,-0.0024976584452076622,3180.4786783993986,3106.494550606523,0.17386159491834274
M&M.NS,2025-07-31,3225.0,0.009389671361502261,3184.730017089844,3109.9529585797923,0.1724380102648094
M&M.NS,2025-08-01,3205.0,-0.006201550387596955,3186.925012207031,3114.1343468175246,0.1652769601765384
M&M.NS,2025-08-04,3170.0,-0.010920436817472678,3187.300012207031,3117.2586064397865,0.15871483968910113
M&M.NS,2025-08-05,3195.0,0.007886435331230235,3189.550012207031,3120.0455930827525,0.15989203546428293
M&M.NS,2025-08-06,3212.199951171875,0.0053833962979263905,3192.910009765625,3123.98012352092,0.15907953569468364
M&M.NS,2025-08-07,3198.0,-0.004420631152395882,3194.2050048828123,3128.438168179263,0.15419526573665093
M&M.NS,2025-08-08,3207.0,0.0028142589118198558,3196.6550048828126,3132.957165204845,0.15313900316893073
M&M.NS,2025-08-11,3150.89990234375,-0.017493014548253805,3200.5599975585938,3136.9136648494064,0.16162436131029476
M&M.NS,2025-08-12,3186.10009765625,0.011171473675287702,3205.5599975585938,3140.2805647322766,0.16414783291251034
M&M.NS,2025-08-13,3255.0,0.021625153081170856,3211.879992675781,3144.963953652246,0.17405730253625337
M&M.NS,2025-08-14,3273.199951171875,0.0055913828485023576,3216.224987792969,3149.358588839542,0.17438583252374598
M&M.NS,2025-08-18,3350.0,0.023463292794144497,3223.324987792969,3156.0114224106946,0.18520173351432534
M&M.NS,2025-08-19,3400.0,0.014925373134328401,3234.474987792969,3161.9103466862953,0.18886243870482067
M&M.NS,2025-08-20,3354.10009765625,-0.01349997127757352,3239.8449951171874,3167.4468079055423,0.19365660570575643
M&M.NS,2025-08-21,3410.0,0.016666140161652132,3247.3449951171874,3174.4385577876797,0.197764353172267
M&M.NS,2025-08-22,3380.0,-0.008797653958944274,3253.5949951171874,3180.770789259066,0.19972528185203073
M&M.NS,2025-08-25,3428.0,0.014201183431952646,3262.1949951171873,3191.1581537228467,0.20164084399304139
M&M.NS,2025-08-26,3395.0,-0.009626604434072372,3269.625,3199.5165141501693,0.18494005258810264
M&M.NS,2025-08-28,3375.0,-0.00589101620029453,3278.225,3206.6415712985768,0.1868535888066566
M&M.NS,2025-08-29,3271.0,-0.03081481481481485,3282.025,3212.539775741517,0.2081063651423808
M&M.NS,2025-09-01,3191.10009765625,-0.024426750945811704,3280.3300048828123,3216.0860391175916,0.21487957370377922
M&M.NS,2025-09-02,3325.0,0.04196042062174565,3286.3300048828123,3221.0801833151268,0.24622580987053694
M&M.NS,2025-09-03,3269.0,-0.01684210526315788,3291.2800048828126,3223.6924619217025,0.2498582897743859
M&M.NS,2025-09-04,3527.0,0.07892321810951364,3307.8800048828125,3231.633385879511,0.33222277466551775
M&M.NS,2025-09-05,3511.0,-0.00453643322937336,3322.8200073242188,3238.7602808572065,0.3329100485969003
M&M.NS,2025-09-08,3561.300048828125,0.014326416641448292,3340.985009765625,3245.9824962552057,0.33433484106672895
M&M.NS,2025-09-09,3702.199951171875,0.03956417611880636,3365.745007324219,3256.4373766047165,0.3503477257150012
M&M.NS,2025-09-10,3702.0,-5.400874466865435e-05,3393.300012207031,3266.8803195757023,0.3499117112462271
M&M.NS,2025-09-11,3620.0,-0.022150189086979966,3414.995007324219,3276.028490849404,0.354726448698146
M&M.NS,2025-09-12,3594.89990234375,-0.006933728634323177,3431.9900024414064,3285.0714713597595,0.35569941517913234
M&M.NS,2025-09-15,3590.0,-0.0013630149592079865,3447.8300048828123,3294.0720068359374,0.3556950974222428
M&M.NS,2025-09-16,3545.0,-0.012534818941504211,3457.5800048828123,3301.7500048828124,0.3577131865100028
M&M.NS,2025-09-17,3608.0,0.017771509167842092,3467.9800048828124,3310.6600048828127,0.35725341050895537
M&M.NS,2025-09-18,3636.10009765625,0.007788275403616929,3482.0800048828123,3320.3820068359373,0.3572455886139311
M&M.NS,2025-09-19,3601.0,-0.009653226455144881,3491.6300048828125,3329.5020068359377,0.3595947672982241
M&M.NS,2025-09-22,3600.0,-0.00027770063871146444,3502.6300048828125,3338.0600048828123,0.35894577118141874
M&M.NS,2025-09-23,3610.0,0.002777777777777768,3511.7300048828124,3347.1000048828123,0.3589470075646207
M&M.NS,2025-09-24,3614.5,0.001246537396121905,3522.7050048828123,3357.93400390625,0.35317036856680656
M&M.NS,2025-09-25,3579.89990234375,-0.0095725820047724,3532.95,3367.81,0.35504105283893717
M&M.NS,2025-09-26,3510.0,-0.019525658328599316,3544.9,3375.437998046875,0.35744302990005067
M&M.NS,2025-09-29,3419.0,-0.025925925925925908,3556.2949951171877,3380.0919970703126,0.3668200755108879
M&M.NS,2025-09-30,3420.0,0.0002924831822170848,3561.0449951171877,3384.3319970703124,0.36097842023518545
M&M.NS,2025-10-01,3419.199951171875,-0.00023393240588454045,3568.5549926757812,3389.17599609375,0.35853815886551826
M&M.NS,2025-10-03,3462.10009765625,0.012546837592715798,3565.3099975585938,3393.4839990234377,0.3576916994364064
M&M.NS,2025-10-06,3462.0,-2.8912409643422343e-05,3562.859997558594,3397.5239990234377,0.3547185600572805
M&M.NS,2025-10-07,3468.10009765625,0.001762015498627978,3558.2,3401.7860009765627,0.3535696602790328
M&M.NS,2025-10-08,3500.0,0.00919809159064,3548.0900024414063,3406.6660009765624,0.35225267144913486
M&M.NS,2025-10-09,3450.0,-0.014285714285714235,3535.4900024414064,3410.7380029296874,0.35372124014764716
M&M.NS,2025-10-10,3425.0,-0.007246376811594235,3525.7400024414064,3415.1780029296874,0.3539647637996485
M&M.NS,2025-10-13,3432.0,0.0020437956204379937,3517.595007324219,3419.9180029296876,0.3411000934899384
M&M.NS,2025-10-14,3469.89990234375,0.011043095088505206,3511.5900024414063,3424.8160009765625,0.3327725902302703
M&M.NS,2025-10-15,3461.0,-0.0025648873437930098,3507.390002441406,3429.9360009765624,0.31184030344343383
M&M.NS,2025-10-16,3503.0,0.012135221034383026,3502.140002441406,3436.5960009765627,0.30830378252081414
M&M.NS,2025-10-17,3561.0,0.016557236654296315,3498.3849975585936,3443.9160009765624,0.21183208461106504
M&M.NS,2025-10-20,3674.0,0.03173265936534686,3502.0349975585937,3453.152001953125,0.22979882773940236
M&M.NS,2025-10-21,3608.199951171875,-0.0179096485650857,3502.4449951171873,3461.3560009765624,0.23326970408555164
M&M.NS,2025-10-23,3632.10009765625,0.006623842028658178,3503.55,3469.8580029296877,0.20295004958640944
M&M.NS,2025-10-24,3630.0,-0.0005782047850512173,3504.325,3479.4400048828124,0.20294442357423068
M&M.NS,2025-10-27,3626.800048828125,-0.0008815292484504189,3506.6700073242187,3488.25400390625,0.1923836736595578
M&M.NS,2025-10-28,3605.0,-0.006010821808378641,3511.4200073242187,3495.25400390625,0.19210746664714032
M&M.NS,2025-10-29,3580.0,-0.006934812760055475,3519.470007324219,3501.3900048828127,0.19316817507452427
M&M.NS,2025-10-30,3540.0,-0.011173184357541888,3525.470007324219,3505.1900048828124,0.19244063918239557
M&M.NS,2025-10-31,3516.10009765625,-0.006751384842867192,3530.3150146484377,3507.5120068359374,0.1857984004793308
M&M.NS,2025-11-03,3511.0,-0.0014504984256988873,3532.760009765625,3510.6500048828125,0.1840111364486032
M&M.NS,2025-11-04,3548.60009765625,0.01070922747258618,3537.0900146484373,3513.4220068359373,0.1852475641355114
M&M.NS,2025-11-06,3625.0,0.02152958920172776,3544.935009765625,3518.3220068359374,0.1958732373690379
M&M.NS,2025-11-07,3615.60009765625,-0.0025930765086207286,3550.7150146484373,3522.0740087890626,0.19590237086783144
M&M.NS,2025-11-10,3690.199951171875,0.02063277229248417,3562.7250122070313,3527.9780078125,0.20472544244962113
M&M.NS,2025-11-11,3699.89990234375,0.002628570619539028,3576.470007324219,3534.476005859375,0.20240948208896406
M&M.NS,2025-11-12,3761.0,0.01651398666692172,3592.9200073242187,3544.276005859375,0.19726214793227828
M&M.NS,2025-11-13,3748.199951171875,-0.0034033631555769883,3606.835009765625,3555.4180029296876,0.17914784309838763
M&M.NS,2025-11-14,3700.0,-0.012859493036598835,3618.785009765625,3562.9180029296876,0.1849203515621529
M&M.NS,2025-11-17,3710.0,0.002702702702702675,3629.135009765625,3571.7380029296874,0.18471237583193967
M&M.NS,2025-11-18,3718.5,0.002291105121293713,3637.010009765625,3575.5680029296873,0.18238165045676372
M&M.NS,2025-11-19,3695.0,-0.006319752588409333,3638.060009765625,3579.2480029296876,0.18402789595574068
M&M.NS,2025-11-20,3744.800048828125,0.01347768574509467,3644.8900146484375,3582.9180029296876,0.18687509591795853
M&M.NS,2025-11-21,3730.0,-0.003952159964523694,3649.785009765625,3583.47400390625,0.18674445217671257
M&M.NS,2025-11-24,3745.10009765625,0.004048283553954368,3655.5400146484376,3584.336005859375,0.18013124327671567
M&M.NS,2025-11-25,3687.0,-0.015513630114348587,3658.550012207031,3585.676005859375,0.18564760420637963
M&M.NS,2025-11-26,3681.0,-0.0016273393002440573,3662.3500122070313,3587.3980078125,0.1860349241476649
M&M.NS,2025-11-27,3701.5,0.005569138820972652,3668.425012207031,3589.6280078125,0.18449598288009464
M&M.NS,2025-11-28,3692.0,-0.0025665270836147114,3676.025012207031,3592.5680078125,0.18449635255432895
M&M.NS,2025-12-01,3790.0,0.02654387865655461,3689.720007324219,3596.2080078125,0.19561568650833613
M&M.NS,2025-12-02,3722.800048828125,-0.017730857828990754,3700.310009765625,3597.9420068359377,0.19971048763915714
M&M.NS,2025-12-03,3736.0,0.003545705114092801,3709.6800048828127,3600.6420068359375,0.1782598594988484
M&M.NS,2025-12-04,3675.0,-0.016327623126338286,3712.1800048828127,3602.1420068359375,0.17688463446927158
M&M.NS,2025-12-05,3659.300048828125,-0.0042720955569728325,3714.3650024414064,3603.1280078125,0.17651701919000556
M&M.NS,2025-12-08,3720.0,0.016587858432465463,3715.8550048828124,3605.2380078125,0.18267202708745026
M&M.NS,2025-12-09,3658.0,-0.01666666666666672,3713.760009765625,3606.800009765625,0.18959289007530608
M&M.NS,2025-12-10,3660.0,0.0005467468562054822,3708.710009765625,3609.800009765625,0.1886300015142181
M&M.NS,2025-12-11,3623.39990234375,-0.010000026682035479,3702.470007324219,3613.8880078125,0.18989508075340028
M&M.NS,2025-12-12,3665.39990234375,0.011591323379137153,3700.7400024414064,3618.796005859375,0.1892261751439706
M&M.NS,2025-12-15,3632.0,-0.009112212373442063,3696.8400024414063,3623.0520068359374,0.19021254875781257
M&M.NS,2025-12-16,3581.0,-0.014041850220264274,3689.9650024414063,3625.4300048828127,0.1951455912570591
M&M.NS,2025-12-17,3647.89990234375,0.018681905150446765,3687.609997558594,3629.1480029296877,0.19999576686295042
M&M.NS,2025-12-18,3600.0,-0.013130815983458,3680.3699951171875,3631.7860009765627,0.19421943324302607
M&M.NS,2025-12-19,3571.0,-0.008055555555555594,3672.4199951171877,3633.2060009765623,0.19545576199398665
M&M.NS,2025-12-22,3600.0,0.008120974516941937,3665.164990234375,3636.2060009765623,0.18696883893482655
M&M.NS,2025-12-23,3619.199951171875,0.005333319769965206,3661.7749877929687,3640.09,0.18755792241750865
M&M.NS,2025-12-24,3624.60009765625,0.0014920829346900533,3658.9549926757813,3643.942001953125,0.18052124141970585
M&M.NS,2025-12-26,3636.699951171875,0.0033382588946706537,3655.714990234375,3647.2780029296873,0.18085302522962693
M&M.NS,2025-12-29,3622.699951171875,-0.003849643959625726,3652.2499877929686,3650.512001953125,0.17754955567360162
M&M.NS,2025-12-30,3590.0,-0.009026403404261307,3642.2499877929686,3652.252001953125,0.17887819581857187
M&M.NS,2025-12-31,3653.0,0.017548746518105895,3638.7599853515626,3654.092001953125,0.18664041498497128
M&M.NS,2026-01-01,3725.0,0.019709827539009073,3638.2099853515624,3655.112001953125,0.1946916144309542
M&M.NS,2026-01-02,3759.89990234375,0.009369101300335636,3642.45498046875,3658.1460009765624,0.1926361360135089
M&M.NS,2026-01-05,3805.89990234375,0.012234368253081884,3649.7849731445312,3661.6219970703123,0.19529470876098012
M&M.NS,2026-01-06,3788.0,-0.004703198403280928,3653.1849731445313,3664.7819970703126,0.19565506593461957
M&M.NS,2026-01-07,3800.0,0.0031678986272438703,3660.2849731445312,3668.24599609375,0.18981199845285007
M&M.NS,2026-01-08,3730.0,-0.018421052631578894,3663.7849731445312,3670.74599609375,0.19795592360619851
M&M.NS,2026-01-09,3712.10009765625,-0.004798901432640723,3668.2199829101564,3673.387998046875,0.197936792629092
M&M.NS,2026-01-12,3675.300048828125,-0.009913538929448573,3668.714990234375,3676.0939990234374,0.19995461140697432
M&M.NS,2026-01-13,3717.0,0.011345999134185325,3672.964990234375,3680.1119970703126,0.18679222150567915
M&M.NS,2026-01-14,3663.0,-0.014527845036319653,3677.064990234375,3683.1519970703125,0.18445285896866112
M&M.NS,2026-01-15,3649.5,-0.0036855036855036882,3677.1449951171876,3685.1699951171877,0.18427390078623515
M&M.NS,2026-01-16,3650.10009765625,0.00016443284182754425,3679.65,3685.6719970703125,0.1782324575824566
M&M.NS,2026-01-19,3689.0,0.010657215227803718,3685.55,3687.1399951171875,0.1804815777246513
M&M.NS,2026-01-20,3646.0,-0.011656275413391204,3687.85,3686.25599609375,0.17690415714387892
M&M.NS,2026-01-21,3543.0,-0.028250137136588083,3684.040002441406,3683.117998046875,0.1888244224147996
M&M.NS,2026-01-22,3600.0,0.01608806096528359,3682.8099975585938,3679.897998046875,0.195192580888669
M&M.NS,2026-01-23,3573.699951171875,-0.0073055691189236605,3679.6599975585937,3676.407998046875,0.19420405844486505
M&M.NS,2026-01-27,3437.199951171875,-0.03819570805188599,3670.3849975585936,3671.1519970703125,0.21948022177956303
M&M.NS,2026-01-28,3379.0,-0.016932372861239053,3659.834997558594,3664.5319970703126,0.2228125680136636
M&M.NS,2026-01-29,3449.199951171875,0.020775362880105064,3649.6449951171876,3659.14599609375,0.2296260951600914
M&M.NS,2026-01-30,3283.0,-0.04818507292260865,3627.5449951171877,3650.90599609375,0.2593113444203683
M&M.NS,2026-02-02,3355.0,0.021931160523910975,3607.3,3643.1099951171873,0.2676284071652127
M&M.NS,2026-02-03,3638.0,0.08435171385991058,3598.9050048828126,3641.2699951171876,0.3660080196494674
M&M.NS,2026-02-04,3549.0,-0.024463991203958257,3586.9550048828123,3637.3479931640627,0.37252654135085284
M&M.NS,2026-02-05,3592.0,0.012116089039166056,3576.5550048828127,3635.4479931640626,0.37392023592163864
M&M.NS,2026-02-06,3577.0,-0.004175946547884224,3568.9050048828126,3633.3679931640627,0.37408616361834535
M&M.NS,2026-02-09,3593.800048828125,0.004696686840403919,3562.9900024414064,3631.213994140625,0.3742177644758188
M&M.NS,2026-02-10,3616.300048828125,0.006260782373614937,3560.040002441406,3629.6999951171874,0.374491928343464
M&M.NS,2026-02-11,3704.699951171875,0.024444847261055225,3559.425,3627.993994140625,0.37984793552706997
M&M.NS,2026-02-12,3698.199951171875,-0.001754528055084137,3561.1849975585938,3627.5019921875,0.3767898335010189
M&M.NS,2026-02-13,3530.0,-0.04548157303354472,3555.209997558594,3623.3819921875,0.395104205478755
M&M.NS,2026-02-16,3535.0,0.0014164305949009304,3549.4549926757813,3620.5819921875,0.39387441406175616
M&M.NS,2026-02-17,3509.699951171875,-0.007157015227192365,3540.489990234375,3617.589990234375,0.3918921309010842
M&M.NS,2026-02-18,3491.10009765625,-0.005299556592982979,3532.7449951171875,3613.0119921875,0.3919263126071272
M&M.NS,2026-02-19,3534.89990234375,0.012546132583509895,3532.339990234375,3610.549990234375,0.39402639791118516
M&M.NS,2026-02-20,3443.0,-0.025997879680501712,3524.489990234375,3606.209990234375,0.3973492047597805
M&M.NS,2026-02-23,3425.0,-0.005227998838222447,3517.0549926757812,3602.2419921875,0.39737397840599925
M&M.NS,2026-02-24,3415.0,-0.0029197080291970545,3515.9449951171873,3597.233994140625,0.3967383652663451
M&M.NS,2026-02-25,3435.0,0.005856515373352744,3518.7449951171875,3593.293994140625,0.39543285614900975
M&M.NS,2026-02-26,3505.0,0.020378457059679667,3521.5349975585937,3591.773994140625,0.39900195355606743
M&M.NS,2026-02-27,3460.0,-0.012838801711840264,3530.3849975585936,3588.01599609375,0.40038356651617646
M&M.NS,2026-03-02,3299.89990234375,-0.04627170452492779,3527.629992675781,3582.013994140625,0.42083184892575193
M&M.NS,2026-03-04,3240.0,-0.01815203615758354,3507.7299926757814,3575.393994140625,0.42097902118852026
M&M.NS,2026-03-05,3277.300048828125,0.011512360749421191,3494.1449951171876,3568.9399951171877,0.4226600228610681
M&M.NS,2026-03-06,3315.0,0.011503356607630577,3480.2949951171877,3562.85599609375,0.4178694991389865
M&M.NS,2026-03-09,3250.0,-0.019607843137254943,3463.9449951171873,3555.363994140625,0.417336366667888
M&M.NS,2026-03-10,3278.0,0.008615384615384691,3448.154992675781,3548.1899951171877,0.41848249680394467
M&M.NS,2026-03-11,3276.0,-0.0006101281269066394,3431.139990234375,3541.25599609375,0.40460423777273546
M&M.NS,2026-03-12,3115.10009765625,-0.04911474430517404,3401.6599975585937,3531.757998046875,0.42562183882329424
M&M.NS,2026-03-13,2965.0,-0.04818467880668842,3365.0,3517.997998046875,0.4397393473032556
M&M.NS,2026-03-16,2902.0,-0.02124789207419897,3333.6,3501.537998046875,0.4231900196466
M&M.NS,2026-03-17,3052.0,0.05168849069607173,3309.45,3487.38,0.4470075867259354
M&M.NS,2026-03-18,3140.10009765625,0.028866349166530192,3290.970007324219,3474.06400390625,0.3763833086887084
M&M.NS,2026-03-19,3136.300048828125,-0.0012101680551398486,3273.2300048828124,3461.0300048828126,0.37173513394754415
M&M.NS,2026-03-20,3059.199951171875,-0.02458313823801983,3249.4450073242188,3446.21400390625,0.37325635173836247
M&M.NS,2026-03-23,3015.10009765625,-0.01441548581966079,3228.050012207031,3431.916005859375,0.3742221608632187
M&M.NS,2026-03-24,3030.0,0.0049417604262400605,3208.300012207031,3418.27400390625,0.37428034298548724
M&M.NS,2026-03-25,3099.89990234375,0.023069274700907583,3192.5450073242187,3406.7660009765623,0.38192376856433746
M&M.NS,2026-03-27,3100.0,3.229060918208404e-05,3175.7950073242187,3394.4260009765626,0.3720842021984278
M&M.NS,2026-03-30,2980.0,-0.03870967741935483,3149.5450073242187,3380.7660009765623,0.38394444231522157
M&M.NS,2026-04-01,3079.89990234375,0.03352345716233218,3130.540002441406,3369.3739990234376,0.38321235516139757
M&M.NS,2026-04-02,2975.0,-0.03405951676024377,3114.2950073242187,3355.8719970703123,0.3923363701065134
M&M.NS,2026-04-06,3006.10009765625,0.010453814338235334,3102.6000122070313,3342.2139990234373,0.3949762191626502
M&M.NS,2026-04-07,3001.60009765625,-0.0014969561404520881,3088.8150146484377,3329.3260009765627,0.3950922491068298
M&M.NS,2026-04-08,3125.0,0.041111373377187954,3079.3150146484377,3320.9660009765626,0.41415544686105615
M&M.NS,2026-04-09,3179.89990234375,0.017567968750000107,3075.810009765625,3312.5639990234376,0.41308348276693185
M&M.NS,2026-04-10,3180.0,3.147824124161147e-05,3070.910009765625,3304.69,0.41304273647590267
M&M.NS,2026-04-13,3194.60009765625,0.004591225678066024,3066.8400146484373,3299.8380029296877,0.41349329735878454
M&M.NS,2026-04-15,3250.0,0.01734173312784737,3073.585009765625,3297.2580029296873,0.4166910022002422
M&M.NS,2026-04-16,3273.0,0.007076923076922981,3088.985009765625,3293.73400390625,0.41238067764785713
M&M.NS,2026-04-17,3210.0,-0.019248395967002785,3104.385009765625,3292.27400390625,0.4142651203491077
M&M.NS,2026-04-20,3207.0,-0.0009345794392523477,3112.135009765625,3289.31400390625,0.39259320890005345
M&M.NS,2026-04-21,3212.0,0.001559089491736776,3115.7300048828124,3280.79400390625,0.38910044763400486
M&M.NS,2026-04-22,3214.10009765625,0.0006538286601027732,3119.620007324219,3274.096005859375,0.38757894544378296
M&M.NS,2026-04-23,3105.0,-0.033944212794059125,3121.910009765625,3264.356005859375,0.39774032173029783
M&M.NS,2026-04-24,3047.699951171875,-0.018454122005837403,3123.540002441406,3253.7700048828124,0.39730716174803465
M&M.NS,2026-04-27,3050.0,0.0007546834875398201,3124.540002441406,3242.89400390625,0.3961618090596814
M&M.NS,2026-04-28,3115.89990234375,0.021606525358606632,3125.3400024414063,3232.8860009765626,0.40207568799405774
M&M.NS,2026-04-29,3100.0,-0.005102828345605825,3125.3400024414063,3220.792001953125,0.37604111373917376
M&M.NS,2026-04-30,3105.39990234375,0.0017419039818549198,3131.609997558594,3208.9360009765624,0.34704628388990383
RELIANCE.NS,2025-05-02,1408.3751233126775,,1408.3751233126775,1408.3751233126775,
RELIANCE.NS,2025-05-05,1425.3074680112338,0.012022609898653558,1416.8412956619557,1416.8412956619557,
RELIANCE.NS,2025-05-06,1425.3074785225756,7.3747890017017426e-09,1419.6633566154958,1419.6633566154958,
RELIANCE.NS,2025-05-07,1415.2476117092147,-0.007058032715711704,1418.5594203889254,1418.5594203889254,
RELIANCE.NS,2025-05-08,1398.51446598441,-0.011823475684651252,1414.5504295080223,1414.5504295080223,
RELIANCE.NS,2025-05-09,1379.9884666950659,-0.013246912877875494,1408.7901023725296,1408.7901023725296,
RELIANCE.NS,2025-05-12,1394.430721507353,0.010465489502875958,1406.738762248933,1406.738762248933,
RELIANCE.NS,2025-05-13,1427.7974767909468,0.02392858588738278,1409.3711015666847,1409.3711015666847,
RELIANCE.NS,2025-05-14,1414.3512435205853,-0.009417465354107923,1409.9244506726736,1409.9244506726736,
RELIANCE.NS,2025-05-15,1419.3313670179805,0.003521136294969196,1410.8651423072042,1410.8651423072042,
RELIANCE.NS,2025-05-16,1447.4191020051853,0.019789413268740175,1414.1882295524754,1414.1882295524754,
RELIANCE.NS,2025-05-19,1446.3234565863577,-0.0007569648744512048,1416.8661651386321,1416.8661651386321,
RELIANCE.NS,2025-05-20,1432.4787356808251,-0.009572354539702399,1418.067132103416,1418.067132103416,
RELIANCE.NS,2025-05-21,1418.235682967954,-0.009942941809954142,1418.0791714508832,1418.0791714508832,
RELIANCE.NS,2025-05-22,1415.5464438973825,-0.0018961862988412514,1417.9103229473164,1417.9103229473164,
RELIANCE.NS,2025-05-23,1401.0045498118507,-0.010272989733557614,1416.8537121263498,1416.8537121263498,
RELIANCE.NS,2025-05-26,1426.3034970063507,0.018057719511259007,1417.4095818251735,1417.4095818251735,
RELIANCE.NS,2025-05-27,1420.4269591196573,-0.004120117421732128,1417.5772138970892,1417.5772138970892,
RELIANCE.NS,2025-05-28,1414.4508509493858,-0.004207261860177169,1417.412668478789,1417.412668478789,
RELIANCE.NS,2025-05-29,1406.4826358531975,-0.005633433703857493,1416.8661668475095,1416.8661668475095,
RELIANCE.NS,2025-05-30,1412.3591925541664,0.0041781935668221415,1417.0653703095838,1416.651549024017,
RELIANCE.NS,2025-06-02,1406.4826830156508,-0.004160775509159498,1416.1241310598048,1416.1893278418183,
RELIANCE.NS,2025-06-03,1416.6421539546416,0.007223317472496493,1415.690864831408,1416.2090159336803,
RELIANCE.NS,2025-06-04,1409.0722382665938,-0.00534356235759037,1415.3820961592771,1415.9116501975516,
RELIANCE.NS,2025-06-05,1422.3193687346825,0.00940131393432675,1416.5723412967905,1416.1679589390371,
RELIANCE.NS,2025-06-06,1435.2676355449807,0.009103628267269626,1419.3362997392865,1416.9025618854196,
RELIANCE.NS,2025-06-09,1451.204075048637,0.011103461897268296,1422.1749674163507,1418.1729882988718,
RELIANCE.NS,2025-06-10,1444.2318404180787,-0.004804448078968182,1422.9966855977073,1419.1036615888436,
RELIANCE.NS,2025-06-11,1440.0485867347081,-0.002896525035869346,1424.2815527584135,1419.8259003869769,
RELIANCE.NS,2025-06-12,1447.7179200254843,0.005325746201498838,1425.7008804087886,1420.7556343749272,
RELIANCE.NS,2025-06-13,1418.335338487147,-0.020295791833411903,1424.2466922328865,1420.677560314031,0.1682178718298378
RELIANCE.NS,2025-06-16,1421.223780491138,0.002036501471557539,1422.9917084281255,1420.6946296945655,0.16461634354384858
RELIANCE.NS,2025-06-17,1442.2398094911548,0.014787276492625345,1423.4797621186422,1421.3475139308257,0.17013693571973276
RELIANCE.NS,2025-06-18,1424.3114328610282,-0.012430926196976944,1423.783549613296,1421.4346880170083,0.17288742421877878
RELIANCE.NS,2025-06-19,1424.4110453044384,6.993726309567627e-05,1424.2267796836486,1421.5197267966491,0.16905193937149665
RELIANCE.NS,2025-06-20,1425.3075053013417,0.0006293548479974209,1425.4419274581232,1421.624942866224,0.16383113990953443
RELIANCE.NS,2025-06-23,1447.2199506188397,0.015373837039372784,1426.4877501387477,1422.316699832511,0.16685159008562567
RELIANCE.NS,2025-06-24,1459.1721495093714,0.008258730046818874,1428.4250096582332,1423.2865800871652,0.154069905635125
RELIANCE.NS,2025-06-25,1458.1762135192969,-0.000682534949977831,1430.6112777867288,1424.1811860726043,0.15110221270569776
RELIANCE.NS,2025-06-26,1463.2558362824063,0.003483545209429728,1433.4499378081894,1425.1580523278494,0.15109693447462522
RELIANCE.NS,2025-06-27,1493.4353527246628,0.02062490761624547,1437.503745816714,1426.8233523375277,0.15201349192305527
RELIANCE.NS,2025-06-30,1507.7781788170053,0.00960391493757995,1442.568520606782,1428.7508482060869,0.15387529386327278
RELIANCE.NS,2025-07-01,1494.630607775488,-0.008719831090693186,1446.4679432978241,1430.2829356379334,0.15336442596773878
RELIANCE.NS,2025-07-02,1522.3200879079554,0.01852596888382929,1452.1303357798922,1432.3746890986156,0.15711761272770872
RELIANCE.NS,2025-07-03,1514.7502729656235,-0.004972551438071626,1456.7518809914395,1434.2052576289936,0.15810032781722488
RELIANCE.NS,2025-07-04,1517.9375659885409,0.002104170621258339,1460.8853775136172,1436.0255252020272,0.15354557601552876
RELIANCE.NS,2025-07-07,1520.5271677380254,0.001706000172541966,1464.3515321480868,1437.823432490027,0.14650512818631495
RELIANCE.NS,2025-07-08,1529.8897875590692,0.006157482759727273,1468.6344295051363,1439.7414815539657,0.14569312504943063
RELIANCE.NS,2025-07-09,1530.586937987722,0.0004556866999976261,1473.161347067787,1441.5954704607768,0.14444409030676408
RELIANCE.NS,2025-07-10,1513.654605815878,-0.011062639926945228,1476.4581813573066,1443.036653167879,0.14797137472942545
RELIANCE.NS,2025-07-11,1505.9852937598653,-0.005066751705802064,1480.8406791209425,1444.9888565768226,0.1494746489866322
RELIANCE.NS,2025-07-14,1486.263916129696,-0.013095332146924599,1484.0926859028705,1446.207985539192,0.15491449641103508
RELIANCE.NS,2025-07-15,1480.2878335086834,-0.004020875805539781,1485.9950871037468,1447.307592638914,0.15497640351057154
RELIANCE.NS,2025-07-16,1467.1403332858122,-0.008881718761214241,1488.1365321249862,1448.3454470704457,0.15666650662020518
RELIANCE.NS,2025-07-17,1481.4830970988435,0.009775999941947777,1490.9901347147063,1450.0048196927348,0.1568365873690812
RELIANCE.NS,2025-07-18,1478.8934598804974,-0.0017480032161131254,1493.6694324436642,1451.9829195564432,0.15535526389468726
RELIANCE.NS,2025-07-21,1459.1722169809668,-0.013335134297722928,1494.2670457617703,1453.2777494659156,0.1577337933315275
RELIANCE.NS,2025-07-22,1421.721828538219,-0.02566550267810941,1492.3945297132127,1453.156236500861,0.17424352824503983
RELIANCE.NS,2025-07-23,1420.3273163904719,-0.0009808614595028242,1490.5020848567715,1453.275757958259,0.1740996445807225
RELIANCE.NS,2025-07-24,1413.554298653669,-0.004768631609518903,1488.0170079753348,1453.1602165909726,0.1736718154107311
RELIANCE.NS,2025-07-25,1393.3351272649268,-0.01430378119043596,1483.011996702348,1452.0785370961673,0.16860244081382422
RELIANCE.NS,2025-07-28,1386.7614543919697,-0.004717940963608003,1476.9611604810962,1450.8872970522798,0.16884250254711478
RELIANCE.NS,2025-07-29,1377.4984422704579,-0.006679600224086979,1471.1045522058446,1449.7876911840724,0.1630250563988922
RELIANCE.NS,2025-07-30,1412.458776601272,0.0253795817534217,1465.6114866405103,1449.6721530567386,0.17717000756970847
RELIANCE.NS,2025-07-31,1382.5780559389787,-0.021155109909964054,1459.0028757891782,1449.0127852975709,0.1872620241975495
RELIANCE.NS,2025-08-01,1381.3828853186424,-0.0008644507376652788,1452.1751417556832,1448.6203520077065,0.1872042545931706
RELIANCE.NS,2025-08-04,1389.5502251510159,0.0059124373981871425,1445.6262946263328,1447.8852865705996,0.18195874698440662
RELIANCE.NS,2025-08-05,1405.38696851784,0.011397028391041397,1439.4011536742714,1447.5844867585633,0.18360985231844235
RELIANCE.NS,2025-08-06,1386.3630773472378,-0.013536407834110809,1432.1899606422471,1447.0227312865204,0.1870504346642815
RELIANCE.NS,2025-08-07,1382.1796145349972,-0.0030175809501833406,1425.6162110782032,1446.5366708601566,0.18645866709296974
RELIANCE.NS,2025-08-08,1379.4904158119157,-0.001945621751906823,1419.2914671808057,1445.8792953253114,0.17388853186073966
RELIANCE.NS,2025-08-11,1364.5501609316866,-0.010830270880451076,1413.2057794209052,1445.0406448836322,0.1715120156912927
RELIANCE.NS,2025-08-12,1376.4028464986861,0.008686148671080529,1408.0115300704051,1444.235858734513,0.17410123145457912
RELIANCE.NS,2025-08-13,1382.4785186353236,0.004414167082037679,1403.7784393378809,1443.7039843418875,0.16365204522175109
RELIANCE.NS,2025-08-14,1377.300048828125,-0.0037457868150532203,1398.569286924345,1442.8035979437564,0.16357227719176295
RELIANCE.NS,2025-08-18,1390.0,0.00922090374038742,1394.12461393032,1441.8982452328567,0.16681364074496513
RELIANCE.NS,2025-08-19,1390.0,0.0,1390.6660030812718,1440.674163731884,0.16647927815953806
RELIANCE.NS,2025-08-20,1413.0,0.016546762589928043,1390.2299116543609,1440.0495269235223,0.1739643127125609
RELIANCE.NS,2025-08-21,1425.0,0.00849256900212314,1390.463545834837,1439.7485551888283,0.17672364760991668
RELIANCE.NS,2025-08-22,1420.0,-0.0035087719298245723,1390.7858309021537,1439.1941967883185,0.17482219818418535
RELIANCE.NS,2025-08-25,1414.699951171875,-0.0037324287522007005,1391.854072097501,1439.121489042013,0.17466602004069404
RELIANCE.NS,2025-08-26,1408.0,-0.004735952076852068,1392.9159993779026,1438.8570134321903,0.17171692122361842
RELIANCE.NS,2025-08-28,1389.9000244140625,-0.01285509629683057,1393.536078485083,1437.8102177306487,0.1746187082331224
RELIANCE.NS,2025-08-29,1381.0999755859375,-0.006331425766997079,1391.9681384343162,1436.9459885851468,0.17390532148546795
RELIANCE.NS,2025-09-01,1356.0,-0.018173901983662533,1390.6392356373674,1435.577767679058,0.1763719407063215
RELIANCE.NS,2025-09-02,1354.800048828125,-0.0008849197432706513,1389.3100938128414,1434.1676185495935,0.1764380621883934
RELIANCE.NS,2025-09-03,1369.699951171875,0.010997860796239323,1388.3175801138843,1432.6172185606545,0.17796913949977486
RELIANCE.NS,2025-09-04,1371.800048828125,0.001533253800916956,1386.6382341293986,1430.8697765470292,0.16346978447383426
RELIANCE.NS,2025-09-05,1363.0,-0.006414964655849453,1385.4700802620368,1428.9662522766434,0.16418108042281
RELIANCE.NS,2025-09-08,1380.0,0.01247248716067495,1385.361099535287,1427.3011355509952,0.1685801127581924
RELIANCE.NS,2025-09-09,1376.5999755859375,-0.002463785807291674,1385.2165775239878,1424.964428008221,0.16372849640877313
RELIANCE.NS,2025-09-10,1383.9000244140625,0.0053029558024058066,1386.1840706981068,1422.486864920162,0.16398191206221996
RELIANCE.NS,2025-09-11,1376.0,-0.00570852249056597,1386.1639283731724,1420.1142527646523,0.16366292111909317
RELIANCE.NS,2025-09-12,1383.300048828125,0.005305268043695577,1386.2050048828125,1417.3338519830556,0.14601864044552842
RELIANCE.NS,2025-09-15,1393.0,0.007012181616050883,1386.9900024414062,1414.898846523743,0.13397818655180588
RELIANCE.NS,2025-09-16,1404.699951171875,0.008399103497397808,1387.725,1412.6340942274098,0.1359630976794483
RELIANCE.NS,2025-09-17,1407.0,0.001637395107906281,1388.575,1410.3635508726493,0.13507148575001918
RELIANCE.NS,2025-09-18,1420.4000244140625,0.00952382687566633,1388.945001220703,1408.1737556097492,0.13385602843544456
RELIANCE.NS,2025-09-19,1414.9000244140625,-0.0038721486239545744,1388.4400024414062,1405.860017338276,0.12791853645580892
RELIANCE.NS,2025-09-22,1403.9000244140625,-0.007774400883592714,1387.6350036621093,1403.6649257102397,0.12985163442546463
RELIANCE.NS,2025-09-23,1391.0,-0.009188705883416803,1386.4500061035155,1401.3652198350424,0.13272738619730287
RELIANCE.NS,2025-09-24,1385.300048828125,-0.00409773628459742,1385.315008544922,1399.345942489011,0.12920420141998265
RELIANCE.NS,2025-09-25,1381.300048828125,-0.002887461097964783,1384.885009765625,1397.3661867953997,0.12719827817080132
RELIANCE.NS,2025-09-26,1372.0,-0.006732823064775073,1384.4300109863282,1395.4633801296836,0.12805058137649783
RELIANCE.NS,2025-09-29,1381.5999755859375,0.006997066753598791,1385.710009765625,1393.4657176994253,0.129261400972713
RELIANCE.NS,2025-09-30,1377.0999755859375,-0.0032570932828017707,1386.8250061035155,1391.4298480135342,0.12667375435785613
RELIANCE.NS,2025-10-01,1367.0,-0.007334235542078238,1386.690008544922,1389.586403673915,0.1283058733843046
RELIANCE.NS,2025-10-03,1363.199951171875,-0.0027798455216715423,1386.2600036621093,1388.4159661265878,0.11775403497127238
RELIANCE.NS,2025-10-06,1360.0,-0.002347382105702178,1386.1100036621094,1387.2094197987785,0.11416199312753277
RELIANCE.NS,2025-10-07,1376.0,0.0117647058823529,1385.9100036621094,1386.458333825705,0.1202799107131156
RELIANCE.NS,2025-10-08,1384.800048828125,0.006395384322765318,1386.3200073242188,1386.2876322569691,0.12186712846905627
RELIANCE.NS,2025-10-09,1374.0,-0.007798995123710739,1385.8250061035155,1386.0324031691298,0.12306967568949914
RELIANCE.NS,2025-10-10,1377.800048828125,0.0027656832810225573,1385.9150085449219,1386.038435300283,0.1179794755478695
RELIANCE.NS,2025-10-13,1376.9000244140625,-0.0006532329671696813,1385.5950073242188,1385.327260256539,0.11658175590567967
RELIANCE.NS,2025-10-14,1380.0,0.002251416610481005,1384.9450073242188,1385.2756991377591,0.1033013787842606
RELIANCE.NS,2025-10-15,1383.0,0.0021739130434783593,1383.860009765625,1385.3080414313863,0.1032983180393606
RELIANCE.NS,2025-10-16,1375.0999755859375,-0.005712237464976511,1382.2650085449218,1385.019036440085,0.10013786467598078
RELIANCE.NS,2025-10-17,1401.0,0.01883501190742609,1381.2950073242187,1384.931297069728,0.11383304525876523
RELIANCE.NS,2025-10-20,1440.0,0.027837259100642386,1382.5500061035157,1386.0040355227832,0.13624038217852613
RELIANCE.NS,2025-10-21,1468.0,0.019444444444444375,1385.7550048828125,1387.7204432320834,0.14231855750479414
RELIANCE.NS,2025-10-23,1475.0,0.004768392370572139,1389.9550048828125,1389.630634915845,0.14184551545224752
RELIANCE.NS,2025-10-24,1450.0,-0.016949152542372836,1393.1900024414062,1391.3396316972112,0.15210030362810253
RELIANCE.NS,2025-10-27,1463.0,0.008965517241379395,1397.275,1393.0715747672377,0.15191857686563343
RELIANCE.NS,2025-10-28,1484.0999755859375,0.014422402997906758,1402.8799987792968,1395.10400390625,0.15584282026697585
RELIANCE.NS,2025-10-29,1490.0,0.003975489866666848,1408.3,1397.3580029296875,0.1553083938340028
RELIANCE.NS,2025-10-30,1500.0,0.006711409395973256,1414.445001220703,1399.5580029296875,0.15480796849726658
RELIANCE.NS,2025-10-31,1490.4000244140625,-0.006399983723958336,1420.6150024414062,1401.5660034179687,0.15681765258260363
RELIANCE.NS,2025-11-03,1486.0,-0.0029522439224276553,1426.7550048828125,1403.0260034179687,0.15575945158401952
RELIANCE.NS,2025-11-04,1483.9000244140625,-0.0014131733418152326,1432.9500061035155,1404.20400390625,0.15517725485918293
RELIANCE.NS,2025-11-06,1484.0,6.737353210639618e-05,1438.3500061035156,1405.48400390625,0.1526900850799113
RELIANCE.NS,2025-11-07,1494.5999755859375,0.00714284069133253,1443.8400024414063,1407.0820043945312,0.14969504123440097
RELIANCE.NS,2025-11-10,1477.9000244140625,-0.011173525655470473,1449.0350036621094,1408.4800048828124,0.15373073312210817
RELIANCE.NS,2025-11-11,1497.0,0.012923726416142367,1454.9950012207032,1410.6220043945314,0.15599343411829045
RELIANCE.NS,2025-11-12,1505.0,0.005344021376085584,1461.4,1413.1000048828125,0.15353403720455105
RELIANCE.NS,2025-11-13,1515.0,0.006644518272425293,1468.15,1416.2800048828126,0.1534603349048859
RELIANCE.NS,2025-11-14,1505.5,-0.006270627062706313,1474.275,1419.29400390625,0.15479165150171034
RELIANCE.NS,2025-11-17,1520.9000244140625,0.010229175964173054,1481.5650024414062,1422.3180053710937,0.15293988425836877
RELIANCE.NS,2025-11-18,1521.699951171875,0.0005259561739574536,1487.6,1425.3160034179687,0.1520376965119236
RELIANCE.NS,2025-11-19,1517.4000244140625,-0.002825738907661135,1491.4700012207031,1428.40400390625,0.1522097297922945
RELIANCE.NS,2025-11-20,1530.0,0.008303661119817729,1494.570001220703,1431.40400390625,0.15094173386511456
RELIANCE.NS,2025-11-21,1541.0,0.007189542483660105,1497.8700012207032,1434.6920043945313,0.15108765766702195
RELIANCE.NS,2025-11-24,1550.0,0.005840363400389403,1502.8700012207032,1438.01400390625,0.1472588061415481
RELIANCE.NS,2025-11-25,1535.9000244140625,-0.00909675844254032,1506.5150024414063,1441.2120043945313,0.15210351462309918
RELIANCE.NS,2025-11-26,1542.300048828125,0.004166953781060023,1509.4250061035157,1444.3920043945313,0.1515531051623306
RELIANCE.NS,2025-11-27,1575.0,0.021202068428073595,1513.6750061035157,1448.0320043945312,0.15957549626299813
RELIANCE.NS,2025-11-28,1568.0,-0.004444444444444473,1517.0750061035155,1451.2980053710937,0.16154162040135384
RELIANCE.NS,2025-12-01,1575.0,0.0044642857142858094,1521.3050048828125,1454.6580053710939,0.15876034701095687
RELIANCE.NS,2025-12-02,1561.0999755859375,-0.008825412326388893,1525.0600036621095,1457.4720043945313,0.15741755195285018
RELIANCE.NS,2025-12-03,1545.199951171875,-0.010185141671080089,1528.125,1460.0780029296875,0.14473488424379058
RELIANCE.NS,2025-12-04,1536.0,-0.005953890410686169,1530.725,1462.7200024414062,0.13725999237332245
RELIANCE.NS,2025-12-05,1530.4000244140625,-0.0036458174387613562,1532.5150024414063,1465.5080029296876,0.1377094102929235
RELIANCE.NS,2025-12-08,1539.199951171875,0.005750082734859996,1535.5799987792968,1468.5860009765624,0.12691003647843244
RELIANCE.NS,2025-12-09,1540.300048828125,0.0007147204334383428,1537.7450012207032,1471.7660009765625,0.12522958161614908
RELIANCE.NS,2025-12-10,1534.0,-0.004090143886522735,1539.195001220703,1475.0060009765625,0.1203468264005543
RELIANCE.NS,2025-12-11,1536.9000244140625,0.0018904983142520315,1540.2900024414062,1478.112001953125,0.12006993776972463
RELIANCE.NS,2025-12-12,1550.800048828125,0.00904419558413494,1542.5550048828125,1481.5860034179686,0.12120881218008038
RELIANCE.NS,2025-12-15,1551.199951171875,0.00025786841060027044,1544.070001220703,1485.2700024414062,0.11912853061706699
RELIANCE.NS,2025-12-16,1545.0,-0.003996874269620254,1545.2350036621094,1488.9060034179688,0.11949509200318782
RELIANCE.NS,2025-12-17,1550.0,0.003236245954692629,1546.8650024414062,1492.7060034179688,0.1193286406791402
RELIANCE.NS,2025-12-18,1535.199951171875,-0.009548418598790298,1547.125,1495.8900024414063,0.12350002173526617
RELIANCE.NS,2025-12-19,1554.4000244140625,0.012506561915619718,1547.7950012207032,1499.282001953125,0.12669484214024437
RELIANCE.NS,2025-12-22,1573.5,0.012287683534447424,1548.9700012207031,1503.272001953125,0.1247927256798631
RELIANCE.NS,2025-12-23,1580.9000244140625,0.004702907158603331,1551.2200012207031,1507.3340014648438,0.12082030183513369
RELIANCE.NS,2025-12-24,1572.699951171875,-0.005186965093018303,1552.7399963378907,1511.25,0.12202106026469237
RELIANCE.NS,2025-12-26,1554.699951171875,-0.011445285533701166,1551.7249938964844,1514.7439990234375,0.12656778237021296
RELIANCE.NS,2025-12-29,1554.9000244140625,0.00012868929598708334,1551.0699951171875,1518.1819995117187,0.12476641900174594
RELIANCE.NS,2025-12-30,1547.0,-0.005080728207615515,1549.6699951171875,1521.62,0.12291564001600411
RELIANCE.NS,2025-12-31,1541.0,-0.003878474466709747,1548.6649963378907,1524.42,0.12359848226125618
RELIANCE.NS,2026-01-01,1573.699951171875,0.02121995533541532,1550.0899963378906,1527.0939990234374,0.13698448954154607
RELIANCE.NS,2026-01-02,1580.0,0.004003335466480573,1552.2899963378907,1529.3339990234374,0.13562076597797398
RELIANCE.NS,2026-01-05,1593.0,0.008227848101265867,1555.4199951171875,1531.6939990234375,0.1360580652935341
RELIANCE.NS,2026-01-06,1569.0,-0.015065913370998163,1556.9099975585937,1534.0739990234374,0.14309503556128544
RELIANCE.NS,2026-01-07,1510.0,-0.03760356915232632,1555.3949951171876,1535.0139990234375,0.17896863050355555
RELIANCE.NS,2026-01-08,1500.0,-0.0066225165562914245,1553.6949951171875,1535.3319995117188,0.17925289429457886
RELIANCE.NS,2026-01-09,1465.0,-0.023333333333333317,1550.0999938964844,1534.8319995117188,0.1780806849229658
RELIANCE.NS,2026-01-12,1475.300048828125,0.007030750053327539,1546.3249938964843,1534.3380004882813,0.18000266723214864
RELIANCE.NS,2026-01-13,1485.0,0.006574900597054789,1543.0149963378906,1534.23,0.18076025495252823
RELIANCE.NS,2026-01-14,1444.0,-0.02760942760942764,1537.9649963378906,1533.39,0.1946796867414765
RELIANCE.NS,2026-01-15,1458.800048828125,0.010249341293715464,1533.4049987792969,1532.8880004882812,0.19668860414132983
RELIANCE.NS,2026-01-16,1458.800048828125,0.0,1529.5850036621093,1532.3840014648438,0.19636348339112975
RELIANCE.NS,2026-01-19,1450.5999755859375,-0.005621108423169208,1524.395001220703,1531.5040014648437,0.1966218627556723
RELIANCE.NS,2026-01-20,1410.699951171875,-0.027505876937538032,1516.2549987792968,1530.16,0.2089003705647811
RELIANCE.NS,2026-01-21,1389.5,-0.015027966191013209,1506.6849975585938,1528.01,0.2115534408280062
RELIANCE.NS,2026-01-22,1410.0999755859375,0.01482545921981826,1498.554998779297,1526.1119995117188,0.21797795289488917
RELIANCE.NS,2026-01-23,1401.800048828125,-0.005886055529051193,1490.9100036621094,1523.8480004882813,0.21771640359921368
RELIANCE.NS,2026-01-27,1380.0,-0.015551468161489446,1482.1650024414062,1521.3380004882813,0.21759184138311316
RELIANCE.NS,2026-01-28,1385.0,0.0036231884057971175,1474.0650024414062,1518.62,0.21835318706091975
RELIANCE.NS,2026-01-29,1402.9000244140625,0.012924205353113782,1467.1600036621094,1516.2440014648437,0.22358336971659065
RELIANCE.NS,2026-01-30,1382.5999755859375,-0.01447006092725922,1457.6050048828124,1513.5480004882813,0.22509743171068622
RELIANCE.NS,2026-02-02,1340.0,-0.03081149742381839,1445.6050048828124,1509.7480004882811,0.23796266513447714
RELIANCE.NS,2026-02-03,1473.9000244140625,0.09992539135377809,1439.6500061035156,1508.4060009765626,0.3827861984261347
RELIANCE.NS,2026-02-04,1444.0,-0.020286331446360495,1433.4000061035156,1506.2860009765625,0.38423075633647436
RELIANCE.NS,2026-02-05,1457.0,0.009002770083102574,1430.7500061035157,1504.7080004882812,0.3851404902154734
RELIANCE.NS,2026-02-06,1441.5,-0.010638297872340385,1427.8250061035155,1502.6919995117187,0.3858016440881666
RELIANCE.NS,2026-02-09,1458.0,0.01144640998959412,1427.4750061035156,1500.3519995117188,0.3869561263821335
RELIANCE.NS,2026-02-10,1471.0,0.008916323731138487,1427.2600036621093,1498.4119995117187,0.3881848585386746
RELIANCE.NS,2026-02-11,1459.5999755859375,-0.0077498466445020675,1425.9900024414062,1496.1039990234376,0.3884717502735204
RELIANCE.NS,2026-02-12,1470.0,0.0071252566374480075,1427.2900024414062,1494.2819995117188,0.3892331513344186
RELIANCE.NS,2026-02-13,1445.5,-0.01666666666666672,1426.625,1492.2880004882813,0.38566631086587305
RELIANCE.NS,2026-02-16,1420.0999755859375,-0.01757179136220166,1424.6899963378905,1489.97,0.38754407250429423
RELIANCE.NS,2026-02-17,1431.0999755859375,0.007745933518139347,1423.7149963378906,1487.9839990234375,0.3874223104239905
RELIANCE.NS,2026-02-18,1427.0,-0.0028649120647624704,1424.5299987792969,1485.74,0.38580954157573166
RELIANCE.NS,2026-02-19,1443.0,0.011212333566923638,1427.2049987792968,1483.7939990234374,0.3733737993371538
RELIANCE.NS,2026-02-20,1409.5,-0.023215523215523226,1427.175,1481.3039990234374,0.378508841713092
RELIANCE.NS,2026-02-23,1425.0,0.010996807378502949,1428.3349975585938,1479.0659985351563,0.37460038359889647
RELIANCE.NS,2026-02-24,1425.300048828125,0.00021056058114043985,1430.6,1476.5559985351563,0.3739041053177022
RELIANCE.NS,2026-02-25,1435.0,0.00680555029788299,1433.1,1474.2319995117186,0.37394471499370263
RELIANCE.NS,2026-02-26,1398.5,-0.025435540069686402,1432.8799987792968,1471.3019995117188,0.37264537519447244
RELIANCE.NS,2026-02-27,1398.0,-0.0003575259206292092,1433.65,1468.2619995117188,0.37117513933862367
RELIANCE.NS,2026-03-02,1375.5,-0.016094420600858417,1435.425,1465.0680004882813,0.3736595251348926
RELIANCE.NS,2026-03-04,1330.0,-0.0330788804071247,1428.229998779297,1460.58,0.3844810429692513
RELIANCE.NS,2026-03-05,1353.0999755859375,0.017368402696193552,1423.6849975585938,1456.1719995117187,0.3812201822377979
RELIANCE.NS,2026-03-06,1396.5,0.03207451422447094,1420.6599975585937,1452.4839990234375,0.39061446201548256
RELIANCE.NS,2026-03-09,1375.0,-0.015395631936985343,1417.3349975585938,1448.53,0.39077054682424456
RELIANCE.NS,2026-03-10,1430.5999755859375,0.04043634588068179,1415.9649963378906,1446.0480004882813,0.4079651057072035
RELIANCE.NS,2026-03-11,1424.9000244140625,-0.0039843081708011985,1413.6599975585937,1443.4480004882812,0.40525870758570287
RELIANCE.NS,2026-03-12,1390.0,-0.02449296358768316,1410.179998779297,1440.3080004882813,0.41203820900361393
RELIANCE.NS,2026-03-13,1385.199951171875,-0.0034532725382194762,1405.9399963378905,1437.1919995117187,0.4104558534989906
RELIANCE.NS,2026-03-16,1380.0,-0.0037539354282216664,1402.6649963378907,1433.3180004882813,0.4083677612781121
RELIANCE.NS,2026-03-17,1399.0,0.013768115942029091,1401.6099975585937,1429.6980004882812,0.3992427736349021
RELIANCE.NS,2026-03-18,1397.199951171875,-0.0012866682116690065,1399.9149963378907,1425.7819995117188,0.2696732740898925
RELIANCE.NS,2026-03-19,1388.0,-0.0065845630499477,1397.9649963378906,1422.1619995117187,0.26431158501212104
RELIANCE.NS,2026-03-20,1398.0,0.007204610951008661,1395.7149963378906,1419.9219995117187,0.2637601841364343
RELIANCE.NS,2026-03-23,1400.0,0.0014306151645206988,1395.2399963378907,1417.9219995117187,0.26234037894044493
RELIANCE.NS,2026-03-24,1420.0,0.014285714285714235,1394.9899963378907,1417.0219995117188,0.26362196512699543
RELIANCE.NS,2026-03-25,1420.0,0.0,1394.7249938964844,1415.9159985351562,0.26204378839065406
RELIANCE.NS,2026-03-27,1401.0,-0.013380281690140827,1393.0249938964844,1414.2359985351563,0.2637980749943961
RELIANCE.NS,2026-03-30,1335.0,-0.047109207708779466,1389.8499938964844,1412.0559985351563,0.29397286271045836
RELIANCE.NS,2026-04-01,1384.199951171875,0.036853896008895104,1389.1599914550782,1410.5639965820312,0.3127397689370907
RELIANCE.NS,2026-04-02,1357.0,-0.019650304964139997,1388.2349914550782,1408.5279956054687,0.3137385013669038
RELIANCE.NS,2026-04-06,1359.0,0.0014738393515105752,1389.684991455078,1406.69599609375,0.31268761079717144
RELIANCE.NS,2026-04-07,1295.0,-0.047093451066961056,1386.7799926757812,1404.3819970703125,0.33945312466345856
RELIANCE.NS,2026-04-08,1349.0,0.04169884169884175,1384.4049926757812,1403.5719970703126,0.3613448859686313
RELIANCE.NS,2026-04-09,1346.0,-0.002223869532987366,1382.9549926757813,1402.2899975585938,0.35570885677397923
RELIANCE.NS,2026-04-10,1337.0,-0.006686478454680511,1378.2749938964844,1400.9939965820313,0.3540886191404105
RELIANCE.NS,2026-04-13,1321.199951171875,-0.0118175383905198,1373.089990234375,1399.8179956054687,0.35518538850258413
RELIANCE.NS,2026-04-15,1337.0,0.011958862709698703,1370.439990234375,1398.8579956054687,0.35664223114945526
RELIANCE.NS,2026-04-16,1352.0,0.011219147344801783,1368.7799926757812,1397.8399951171875,0.351597818283715
RELIANCE.NS,2026-04-17,1340.0,-0.00887573964497046,1366.7799926757812,1396.9879956054688,0.3523518806435883
RELIANCE.NS,2026-04-20,1363.199951171875,0.017313396396921643,1364.989990234375,1397.4519946289063,0.35336024528310017
RELIANCE.NS,2026-04-21,1359.0,-0.00308095020709509,1363.0799926757813,1395.153994140625,0.33942291121388746
RELIANCE.NS,2026-04-22,1350.300048828125,-0.006401730074963252,1361.1949951171875,1393.2799951171876,0.3364039194215949
RELIANCE.NS,2026-04-23,1346.0,-0.0031845135693039373,1358.5949951171874,1391.0599951171876,0.32256279962922985
RELIANCE.NS,2026-04-24,1340.0,-0.004457652303120341,1355.5949951171874,1389.0299951171876,0.31987551477319737
RELIANCE.NS,2026-04-27,1313.0,-0.020149253731343242,1350.2449951171875,1386.1299951171875,0.29979841843870836
RELIANCE.NS,2026-04-28,1358.0,0.03427265803503432,1347.1449951171876,1383.8699951171875,0.3182882458010164
RELIANCE.NS,2026-04-29,1392.0,0.025036818851251752,1346.6949951171875,1382.5179956054687,0.31943986182047507
RELIANCE.NS,2026-04-30,1409.0,0.012212643678160884,1350.3949951171876,1381.2979956054687,0.3210866967054162
SBIN.NS,2025-05-02,774.7924765987593,,774.7924765987593,774.7924765987593,
SBIN.NS,2025-05-05,766.606876267059,-0.010564893928286634,770.6996764329092,770.6996764329092,
SBIN.NS,2025-05-06,778.3216684290833,0.015281355443964584,773.2403404316339,773.2403404316339,
SBIN.NS,2025-05-07,750.2356003532819,-0.0360854248507414,767.4891554120459,767.4891554120459,
SBIN.NS,2025-05-08,763.6658883956691,0.017901427279727766,766.7245020087705,766.7245020087705,
SBIN.NS,2025-05-09,741.6088285228935,-0.028883128352261034,762.5385564277909,762.5385564277909,
SBIN.NS,2025-05-12,783.272256608189,0.056179789779847944,765.5005135964193,765.5005135964193,
SBIN.NS,2025-05-13,782.880060357833,-0.0005007151051847902,767.672956941596,767.672956941596,
SBIN.NS,2025-05-14,789.8893639857823,0.008953227937297914,770.1414466131723,770.1414466131723,
SBIN.NS,2025-05-15,788.6149458696933,-0.0016134134401535327,771.9887965388244,771.9887965388244,
SBIN.NS,2025-05-16,804.0,0.019508955810290773,774.8989059443858,774.8989059443858,
SBIN.NS,2025-05-19,792.0999755859375,-0.014801025390625,776.332328414515,776.332328414515,
SBIN.NS,2025-05-20,798.1500244140625,0.007637986383788986,778.0106127221726,778.0106127221726,
SBIN.NS,2025-05-21,787.0,-0.013969835335465808,778.652711813446,778.652711813446,
SBIN.NS,2025-05-22,788.0,0.0012706480304955914,779.2758643592163,779.2758643592163,
SBIN.NS,2025-05-23,787.9000244140625,-0.00012687257098664695,779.8148743626441,779.8148743626441,
SBIN.NS,2025-05-26,792.0,0.005203674906580247,780.5316464589591,780.5316464589591,
SBIN.NS,2025-05-27,794.4000244140625,0.003030333856139489,781.3021119009094,781.3021119009094,
SBIN.NS,2025-05-28,794.5,0.0001258504316024034,781.9967375903352,781.9967375903352,
SBIN.NS,2025-05-29,799.0,0.005663939584644506,782.8469007108184,782.8469007108184,
SBIN.NS,2025-05-30,798.0,-0.0012515644555695093,784.0072768808805,783.5684768674461,
SBIN.NS,2025-06-02,812.8499755859375,0.018608991962327792,786.3194318468244,784.899454081923,
SBIN.NS,2025-06-03,816.2000122070312,0.004121346769653256,788.2133490357218,786.2603479134494,
SBIN.NS,2025-06-04,817.0,0.000980136952957844,791.5515690180576,787.541166750389,
SBIN.NS,2025-06-05,808.7000122070312,-0.010159103785763457,793.8032752086258,788.3875205686547,
SBIN.NS,2025-06-06,806.6500244140625,-0.0025349174749906833,797.0553350031843,789.0899245627089,
SBIN.NS,2025-06-09,817.4000244140625,0.013326721223133386,798.761723393478,790.1384467794256,
SBIN.NS,2025-06-10,821.0,0.00440417846637331,800.6677203755862,791.2406451087319,
SBIN.NS,2025-06-11,817.0,-0.00487210718635811,802.0232521762971,792.1288987256722,
SBIN.NS,2025-06-12,816.0,-0.001223990208078285,803.3925048828125,792.9246021014831,
SBIN.NS,2025-06-13,786.25,-0.03645833333333337,802.5050048828125,792.709292356274,0.2793282338149923
SBIN.NS,2025-06-16,792.5,0.007949125596184325,802.5250061035156,792.7027519701404,0.27802648434162247
SBIN.NS,2025-06-17,794.0,0.0018927444794951676,802.3175048828125,792.7420625164998,0.27484701378376986
SBIN.NS,2025-06-18,792.5,-0.0018891687657430767,802.5925048828125,792.7349430307204,0.25186684363875533
SBIN.NS,2025-06-19,792.3499755859375,-0.0001893052543375795,802.8100036621094,792.7239439608694,0.24732680967512832
SBIN.NS,2025-06-20,787.5,-0.006121001748439436,802.7900024414063,792.5788344064008,0.23143965526788876
SBIN.NS,2025-06-23,790.0,0.0031746031746031633,802.6900024414062,792.5091361792008,0.16538158641738884
SBIN.NS,2025-06-24,799.0,0.0113924050632912,802.9200012207032,792.6799483850114,0.16842165205131288
SBIN.NS,2025-06-25,799.5,0.0006257822277846437,803.1700012207032,792.8548215033444,0.166610026604349
SBIN.NS,2025-06-26,802.0,0.0031269543464664817,803.3200012207031,793.0834509657608,0.16666462525262393
SBIN.NS,2025-06-27,805.0,0.0037406483790523026,803.6700012207032,793.3740985031812,0.15712383653144504
SBIN.NS,2025-06-30,809.0,0.00496894409937898,803.4775024414063,793.7461437769151,0.15117841245111474
SBIN.NS,2025-07-01,820.0,0.013597033374536549,803.6675018310547,794.3566985728008,0.154488586657757
SBIN.NS,2025-07-02,821.0,0.0012195121951219523,803.8675018310547,794.9622281506917,0.14787497091163823
SBIN.NS,2025-07-03,813.5,-0.009135200974421442,804.1075012207032,795.3741786362318,0.15102845567893086
SBIN.NS,2025-07-04,808.75,-0.005838967424708019,804.2125,795.6649573615312,0.15233547685943635
SBIN.NS,2025-07-07,811.2000122070312,0.003029381399729525,803.9024993896485,795.9954904433504,0.15193349386869923
SBIN.NS,2025-07-08,807.9000244140625,-0.004068032227946494,803.2475006103516,796.2435015677402,0.15243771665425004
SBIN.NS,2025-07-09,810.0,0.0025993013027330036,802.8975006103516,796.5242464337047,0.15253842159935113
SBIN.NS,2025-07-10,811.2999877929688,0.0016049232011960957,802.6625,796.8197612608899,0.1518401863116042
SBIN.NS,2025-07-11,807.5499877929688,-0.004622211335416626,803.7274993896484,797.4749114847741,0.15250130457052294
SBIN.NS,2025-07-14,809.7999877929688,0.002786205230649763,804.5924987792969,798.3387737152923,0.142702009681243
SBIN.NS,2025-07-15,811.0,0.001481862466189643,805.4424987792969,798.9923403467106,0.14223008052137215
SBIN.NS,2025-07-16,816.0,0.006165228113440113,806.6174987792969,800.307628339645,0.1433848316041902
SBIN.NS,2025-07-17,838.4000244140625,0.027451010311351,808.9200012207032,801.8023110600129,0.16062811882919312
SBIN.NS,2025-07-18,832.0,-0.007633616683796363,811.1450012207031,803.6101344895551,0.1623434627236247
SBIN.NS,2025-07-21,823.0,-0.01081730769230771,812.7950012207032,804.4046893573911,0.16159958415452352
SBIN.NS,2025-07-22,827.5,0.005467800729040073,814.2200012207031,805.2970881502347,0.16186476015964033
SBIN.NS,2025-07-23,812.5,-0.01812688821752262,814.8700012207031,805.7493008705189,0.16991331644776905
SBIN.NS,2025-07-24,820.0,0.009230769230769154,815.7700012207031,806.377001953125,0.17201627311159817
SBIN.NS,2025-07-25,815.0,-0.0060975609756097615,816.2700012207031,806.597001953125,0.13408635480213063
SBIN.NS,2025-07-28,806.5499877929688,-0.010368113137461665,816.1475006103516,806.8860021972656,0.1365988483525713
SBIN.NS,2025-07-29,796.2000122070312,-0.01283240436747013,814.9575012207031,806.847001953125,0.14196940822348644
SBIN.NS,2025-07-30,798.9500122070312,0.003453906000801421,813.8550018310547,807.0860021972657,0.1421532694769576
SBIN.NS,2025-07-31,795.0999755859375,-0.004818870470329362,812.9350006103516,807.2280017089844,0.14292539835939538
SBIN.NS,2025-08-01,795.7000122070312,0.0007546681417660572,812.2825012207031,807.3840014648438,0.14168587239705935
SBIN.NS,2025-08-04,794.5,-0.0015081213882387479,811.4475006103515,807.4340014648437,0.14153427927128243
SBIN.NS,2025-08-05,798.0,0.004405286343612369,810.9524993896484,807.5060009765625,0.13815312567022378
SBIN.NS,2025-08-06,800.9500122070312,0.003696757151668173,810.5,807.6350012207031,0.138561126226162
SBIN.NS,2025-08-07,801.0999755859375,0.0001872318829150288,809.9899993896485,807.6770007324219,0.13826417374859346
SBIN.NS,2025-08-08,805.0,0.0048683367031809865,809.8625,807.8170007324219,0.13856764514045813
SBIN.NS,2025-08-11,808.0,0.003726708074534235,809.7725006103516,807.7200012207031,0.13822977759189842
SBIN.NS,2025-08-12,824.9500122070312,0.020977737879989133,810.4700012207031,807.8950012207031,0.1459786861119591
SBIN.NS,2025-08-13,822.6500244140625,-0.00278803292191665,810.8025024414062,808.0080017089844,0.14620723030467017
SBIN.NS,2025-08-14,822.0,-0.0007901591135616171,809.9825012207032,808.2740014648438,0.14360019578940983
SBIN.NS,2025-08-18,836.0,0.017031630170316392,810.1825012207031,808.8610009765625,0.15013503111388599
SBIN.NS,2025-08-19,827.5,-0.010167464114832492,810.4075012207031,809.0630004882812,0.15353176269962637
SBIN.NS,2025-08-20,828.7000122070312,0.0014501658091012892,810.4675018310547,809.2170007324219,0.15287157779768054
SBIN.NS,2025-08-21,828.9500122070312,0.00030167732148833615,811.2900024414063,809.4560009765624,0.15279365421085567
SBIN.NS,2025-08-22,824.0,-0.00597142425253383,811.4900024414062,809.6160009765625,0.15402646471028963
SBIN.NS,2025-08-25,817.4500122070312,-0.00794901431185524,811.6125030517578,810.2400012207031,0.15529624997975108
SBIN.NS,2025-08-26,814.8499755859375,-0.00318066741974099,812.0275024414062,810.6870007324219,0.155479791344779
SBIN.NS,2025-08-28,807.25,-0.009326840294095362,812.5800018310547,810.9520007324219,0.15787511447559086
SBIN.NS,2025-08-29,800.7000122070312,-0.00811395205075105,812.6675018310547,811.1160009765625,0.15836906000295048
SBIN.NS,2025-09-01,803.0999755859375,0.0029973315128235534,813.0675018310546,811.3310009765624,0.13486933447524277
SBIN.NS,2025-09-02,806.2999877929688,0.003984575151675829,813.5975006103515,811.7070007324219,0.1344043172599857
SBIN.NS,2025-09-03,804.2999877929688,-0.002480466365222811,814.0875,811.9930004882813,0.13125351744016056
SBIN.NS,2025-09-04,814.6500244140625,0.012868378438615435,814.9200012207032,812.3060009765625,0.13595973641619846
SBIN.NS,2025-09-05,811.5,-0.003866721069981094,815.4475006103515,812.5460009765625,0.12578265103656489
SBIN.NS,2025-09-08,808.0,-0.004313000616142926,815.7925018310547,812.6660009765625,0.12323481635993973
SBIN.NS,2025-09-09,812.0,0.004950495049504955,816.1425018310547,812.8060009765625,0.12300448574928695
SBIN.NS,2025-09-10,812.0,0.0,816.3425018310547,812.8660009765625,0.11908731165625976
SBIN.NS,2025-09-11,819.0999755859375,0.008743812297952624,816.05,812.8480004882813,0.11483045034714738
SBIN.NS,2025-09-12,824.0999755859375,0.006104260955963614,816.1224975585938,812.91,0.1155829242558391
SBIN.NS,2025-09-15,823.5499877929688,-0.0006673799408594139,816.1999969482422,813.1109997558593,0.11436820506075923
SBIN.NS,2025-09-16,825.0999755859375,0.0018820810101916052,815.654995727539,813.4379992675781,0.11437694700640993
SBIN.NS,2025-09-17,834.2999877929688,0.01115017874106461,815.9949951171875,813.8999987792969,0.11757784526807072
SBIN.NS,2025-09-18,858.6500244140625,0.0291861883943072,817.4924957275391,814.9149987792969,0.14200890158165388
SBIN.NS,2025-09-19,852.0,-0.007744743754710126,818.6449951171875,815.7549987792969,0.14499938240010873
SBIN.NS,2025-09-22,862.0,0.011737089201877993,820.5449951171875,816.7689990234375,0.1475163933483825
SBIN.NS,2025-09-23,854.5999755859375,-0.008584715097520346,822.4024932861328,817.7099987792968,0.15074653314592204
SBIN.NS,2025-09-24,876.0,0.025040984115860754,825.459994506836,819.0339990234374,0.16482133310803124
SBIN.NS,2025-09-25,866.5499877929688,-0.010787685167843897,828.4249938964844,820.1449987792969,0.15993279981636502
SBIN.NS,2025-09-26,862.0,-0.005250692812952651,831.4899932861329,821.0649987792968,0.16068943903967425
SBIN.NS,2025-09-29,858.0499877929688,-0.004582380750616344,834.2374938964844,821.457998046875,0.1615547459831463
SBIN.NS,2025-09-30,869.9500122070312,0.01386868432300914,837.4199951171875,822.2169982910157,0.15915142973908408
SBIN.NS,2025-10-01,872.2999877929688,0.002701276571024591,840.8199951171875,823.202998046875,0.15536592510394642
SBIN.NS,2025-10-03,865.1500244140625,-0.008196679443956634,843.3449951171875,823.9559985351563,0.15804987893079805
SBIN.NS,2025-10-06,868.0,0.0032941981223055805,846.1699951171875,825.0659985351563,0.15809342528336057
SBIN.NS,2025-10-07,874.1500244140625,0.007085281583021352,849.4774963378907,826.1489990234375,0.15719826610735158
SBIN.NS,2025-10-08,866.7999877929688,-0.00840820959310784,852.217495727539,827.1849987792968,0.15745669389337577
SBIN.NS,2025-10-09,861.5999755859375,-0.005999091232420817,854.6974945068359,828.2859985351563,0.15847158996998148
SBIN.NS,2025-10-10,862.0999755859375,0.0005803157081800681,856.8474945068359,829.6039978027344,0.1549294184103635
SBIN.NS,2025-10-13,879.0,0.019603323155851227,859.592495727539,831.2049975585937,0.1595906026115514
SBIN.NS,2025-10-14,883.0,0.004550625711035261,862.5649963378906,832.962998046875,0.15964006090101024
SBIN.NS,2025-10-15,878.0999755859375,-0.005549291522154554,865.2149963378906,834.6109973144531,0.16161977365728566
SBIN.NS,2025-10-16,888.2999877929688,0.011616003291908816,867.9149963378907,836.4869970703126,0.16270421076934707
SBIN.NS,2025-10-17,887.5,-0.0009005829156391032,869.3574951171875,838.2769970703125,0.16059749707662613
SBIN.NS,2025-10-20,894.5999755859375,0.007999972491197216,871.4874938964844,840.1499963378906,0.1599288016108948
SBIN.NS,2025-10-21,908.0,0.014978789156891992,873.7874938964844,842.2879968261718,0.1617089098631919
SBIN.NS,2025-10-23,912.0,0.004405286343612369,876.6574951171875,844.4279968261719,0.16168722116956194
SBIN.NS,2025-10-24,910.9500122070312,-0.001151302404570953,878.404995727539,846.4869970703126,0.16196449508374627
SBIN.NS,2025-10-27,906.9500122070312,-0.004391020304515769,880.4249969482422,848.1269970703125,0.1630145381338241
SBIN.NS,2025-10-28,927.0999755859375,0.022217281115496146,883.6799957275391,850.21599609375,0.17174762690840176
SBIN.NS,2025-10-29,933.9000244140625,0.0073347524616504955,887.4724975585938,852.4539965820312,0.1714278277935036
SBIN.NS,2025-10-30,939.4500122070312,0.0059428072040697,890.9474975585938,854.5229968261718,0.17134311867131244
SBIN.NS,2025-10-31,934.9000244140625,-0.004843246297138837,894.0774993896484,856.6709973144531,0.17212932941879727
SBIN.NS,2025-11-03,938.75,0.004118061274359652,897.7574981689453,858.8719970703125,0.15450793045660927
SBIN.NS,2025-11-04,951.0,0.013049267643142404,901.9074981689453,861.3129968261719,0.15366696477896377
SBIN.NS,2025-11-06,969.6500244140625,0.019610961528982562,906.6824981689454,864.2259973144531,0.1588456732026296
SBIN.NS,2025-11-07,958.75,-0.011241194389335574,911.2799987792969,867.0519970703125,0.16084538636373624
SBIN.NS,2025-11-10,956.0,-0.002868318122555391,916.0,869.8749975585938,0.1488456233340538
SBIN.NS,2025-11-11,953.5999755859375,-0.002510485788768335,920.575,872.8019970703125,0.14405884147834977
SBIN.NS,2025-11-12,957.7000122070312,0.004299535157364698,924.5100006103515,875.9419970703125,0.14181178801557537
SBIN.NS,2025-11-13,954.25,-0.003602393404047999,928.0725006103515,878.9649975585937,0.1413509059856022
SBIN.NS,2025-11-14,952.9500122070312,-0.0013623136420946036,931.8150024414062,881.897998046875,0.13858931083929646
SBIN.NS,2025-11-17,971.0,0.018941169591010443,935.9500030517578,885.2319982910157,0.14599936950181114
SBIN.NS,2025-11-18,975.5999755859375,0.0047373589968460195,940.3550018310547,888.4509973144532,0.14165031531265393
SBIN.NS,2025-11-19,972.4500122070312,-0.003228744831624719,944.2475036621094,891.6699975585938,0.1432063001171852
SBIN.NS,2025-11-20,986.0,0.013933865620728625,948.1475036621093,895.2299975585937,0.14590761238293307
SBIN.NS,2025-11-21,979.7000122070312,-0.006389439952301013,951.532504272461,898.5839978027344,0.14451901653106428
SBIN.NS,2025-11-24,975.5499877929688,-0.004236015476526855,954.7625030517578,901.8549975585937,0.1435322595780973
SBIN.NS,2025-11-25,975.5499877929688,0.0,958.1925018310546,904.9839978027344,0.14366880426553116
SBIN.NS,2025-11-26,986.5999755859375,0.011326931404066487,961.1675018310547,908.2339978027344,0.13782614713393404
SBIN.NS,2025-11-27,986.7000122070312,0.00010139532086883563,963.8075012207031,911.4969982910156,0.13824425975948823
SBIN.NS,2025-11-28,976.7999877929688,-0.010033469435070108,965.675,914.5309985351563,0.14143788370394456
SBIN.NS,2025-12-01,985.4500122070312,0.008855471460034403,968.2024993896484,917.5539990234375,0.14029924636817123
SBIN.NS,2025-12-02,976.0,-0.009589539895450194,970.0649993896484,919.9009985351563,0.14485530765248694
SBIN.NS,2025-12-03,970.4500122070312,-0.005686462902631861,971.0375,922.2699987792969,0.14634898294177295
SBIN.NS,2025-12-04,951.0499877929688,-0.019990750857885264,970.1074981689453,924.0509985351563,0.15576442070015098
SBIN.NS,2025-12-05,948.8499755859375,-0.002313245607769465,969.6124969482422,925.9359985351563,0.1559268722862356
SBIN.NS,2025-12-08,970.8499755859375,0.023185962550522854,970.3549957275391,927.832998046875,0.1679972673934592
SBIN.NS,2025-12-09,954.7999877929688,-0.01653189287385226,970.4149963378907,929.597998046875,0.17563459196835443
SBIN.NS,2025-12-10,960.0999755859375,0.005550887998249543,970.5349945068359,931.5599975585938,0.16510430723219788
SBIN.NS,2025-12-11,962.0999755859375,0.0020831163950185694,970.9274932861329,933.6409973144531,0.1641124320890558
SBIN.NS,2025-12-12,966.0,0.0040536581571861685,971.5799926757812,935.5619970703125,0.16371322211182204
SBIN.NS,2025-12-15,957.25,-0.009057971014492794,970.8924926757812,937.2609973144531,0.1654624793131417
SBIN.NS,2025-12-16,966.0499877929688,0.009192988031307081,970.4149932861328,939.2789965820313,0.1669828674065551
SBIN.NS,2025-12-17,965.5499877929688,-0.0005175715608074505,970.0699920654297,941.2299963378906,0.16306616375385033
SBIN.NS,2025-12-18,977.9000244140625,0.012790675549924746,969.6649932861328,943.3049963378907,0.1572349288798047
SBIN.NS,2025-12-19,979.9500122070312,0.0020963163327427647,969.6774932861329,945.5679968261719,0.15341114513096923
SBIN.NS,2025-12-22,981.0999755859375,0.0011734918767094538,969.9549926757812,947.9579968261719,0.1530239463298328
SBIN.NS,2025-12-23,976.2999877929688,-0.004892455317922151,969.9924926757812,950.2419970703126,0.15364097041785726
SBIN.NS,2025-12-24,973.2000122070312,-0.003175228541122177,969.3224945068359,952.1259973144531,0.15370139302969357
SBIN.NS,2025-12-26,968.9500122070312,-0.004367036525576906,968.4349945068359,953.8449975585937,0.1538980708809135
SBIN.NS,2025-12-29,966.9000244140625,-0.0021156796193225746,967.9399963378906,955.6209985351562,0.15399508947021204
SBIN.NS,2025-12-30,963.0,-0.004033534300948993,966.817495727539,957.1149987792969,0.1442116300687474
SBIN.NS,2025-12-31,975.25,0.01272066458982346,966.779995727539,958.8699987792969,0.14839933978888467
SBIN.NS,2026-01-01,983.2000122070312,0.008151768476832855,967.4174957275391,960.6419995117187,0.14988570530840833
SBIN.NS,2026-01-02,984.5,0.0013222007494189114,969.0899963378906,962.1719995117187,0.14435198260917467
SBIN.NS,2026-01-05,1000.0,0.015744032503808958,971.6474975585937,963.9319995117188,0.14999649826922093
SBIN.NS,2026-01-06,1007.9500122070312,0.007950012207031287,973.5024993896484,965.8719995117187,0.1506494655316468
SBIN.NS,2026-01-07,1022.7000122070312,0.014633662206822162,976.8975006103516,968.1869995117188,0.15558240130973167
SBIN.NS,2026-01-08,1006.5999755859375,-0.01574267764635029,979.2225006103515,969.7769995117187,0.1606079305984751
SBIN.NS,2026-01-09,996.0,-0.010530474709943505,980.9175018310547,971.0189990234375,0.16388552072053347
SBIN.NS,2026-01-12,1008.0,0.012048192771084265,983.0175018310547,972.3899987792969,0.1642073039865356
SBIN.NS,2026-01-13,1022.7999877929688,0.014682527572389636,986.2950012207032,974.147998046875,0.16743543976311884
SBIN.NS,2026-01-14,1030.0,0.0070395114323063,989.4925018310547,975.972998046875,0.16496038929403525
SBIN.NS,2026-01-15,1028.3499755859375,-0.001601965450546139,992.6325012207031,977.5199975585938,0.16375948928788486
SBIN.NS,2026-01-16,1032.0,0.003549399037990675,995.3375,978.7669970703125,0.1499380279050394
SBIN.NS,2026-01-19,1035.0,0.0029069767441860517,998.0899993896485,980.2919970703125,0.1491615863368228
SBIN.NS,2026-01-20,1039.75,0.004589371980676438,1001.0225006103516,981.9669970703125,0.136425603804432
SBIN.NS,2026-01-21,1032.0,-0.007453714835296998,1003.8075012207031,983.5349975585938,0.1277862017595684
SBIN.NS,2026-01-22,1035.0,0.0029069767441860517,1006.8975006103516,985.0809973144532,0.12748981118604186
SBIN.NS,2026-01-23,1051.9000244140625,0.016328526003925203,1011.0450012207032,987.0339978027343,0.1335874264603476
SBIN.NS,2026-01-27,1034.0999755859375,-0.016921806649866866,1014.4049987792969,988.6569970703125,0.14547171913843876
SBIN.NS,2026-01-28,1059.4000244140625,0.02446576677829393,1019.225,990.4249975585938,0.15484446650200703
SBIN.NS,2026-01-29,1063.0,0.003398126772678367,1023.6125,992.172998046875,0.15387861174533363
SBIN.NS,2026-01-30,1064.0,0.0009407337723423836,1027.6524993896485,994.0039978027344,0.15362715726193057
SBIN.NS,2026-02-02,1019.9000244140625,-0.041447345475505215,1029.4225006103516,994.6819982910156,0.1983773824712955
SBIN.NS,2026-02-03,1087.0,0.06579073828779136,1033.7725006103515,996.827998046875,0.2722419796029618
SBIN.NS,2026-02-04,1064.199951171875,-0.02097520591363844,1036.5849975585938,998.6009973144531,0.2813738671100024
SBIN.NS,2026-02-05,1068.199951171875,0.0037586921476506774,1038.8599945068358,1000.4539965820312,0.28041714996675576
SBIN.NS,2026-02-06,1070.0,0.001685123488491369,1042.029995727539,1002.1219970703125,0.2798173405757085
SBIN.NS,2026-02-09,1120.0,0.04672897196261672,1048.229995727539,1004.7879968261718,0.3056264269361402
SBIN.NS,2026-02-10,1151.0,0.02767857142857144,1055.3799957275392,1008.2719970703125,0.3117221182919345
SBIN.NS,2026-02-11,1144.699951171875,-0.0054735437255647446,1061.4749938964844,1011.4569958496094,0.31215294687686623
SBIN.NS,2026-02-12,1183.0,0.03345859217423364,1069.1249938964843,1015.5969958496094,0.321695057972985
SBIN.NS,2026-02-13,1189.0,0.00507185122569731,1077.1574951171874,1019.9679956054688,0.32169427451553306
SBIN.NS,2026-02-16,1194.0,0.00420521446593769,1085.2574951171875,1024.8269958496094,0.32139544827732575
SBIN.NS,2026-02-17,1206.0999755859375,0.010133982902795324,1093.8124938964843,1029.9719958496094,0.320425452359257
SBIN.NS,2026-02-18,1218.800048828125,0.010529867754965894,1102.7649963378906,1034.9309973144532,0.3206168698225584
SBIN.NS,2026-02-19,1222.9000244140625,0.0033639443893029863,1112.3099975585938,1040.292998046875,0.3198093393909606
SBIN.NS,2026-02-20,1206.199951171875,-0.013656123075301396,1120.8699951171875,1045.2149975585937,0.3186219545110783
SBIN.NS,2026-02-23,1222.0,0.01309902957032505,1129.3749938964843,1050.412998046875,0.31515561298019956
SBIN.NS,2026-02-24,1232.0,0.008183306055646433,1139.2699951171876,1055.732998046875,0.3148194915874597
SBIN.NS,2026-02-25,1228.0999755859375,-0.0031656042321935862,1147.7049926757813,1061.1499975585937,0.31523448756814554
SBIN.NS,2026-02-26,1201.0,-0.022066587512965197,1154.6049926757812,1065.8489978027344,0.3257558592351806
SBIN.NS,2026-02-27,1207.0,0.004995836802664355,1161.7549926757813,1070.677998046875,0.3250957659429784
SBIN.NS,2026-03-02,1185.0,-0.01822700911350461,1170.009991455078,1074.8199975585937,0.33230884172577674
SBIN.NS,2026-03-04,1172.0999755859375,-0.010886096551951496,1174.264990234375,1078.6629968261718,0.33539185935303323
SBIN.NS,2026-03-05,1181.0,0.0075932297580787456,1180.1049926757812,1082.6609973144532,0.33552205630903353
SBIN.NS,2026-03-06,1168.5,-0.010584250635055081,1185.1199951171875,1086.5049975585937,0.33660956486087473
SBIN.NS,2026-03-09,1115.0,-0.04578519469405218,1187.3699951171875,1089.340997314453,0.36668050620235504
SBIN.NS,2026-03-10,1111.0999755859375,-0.0034977797435538083,1186.9249938964845,1092.1839965820313,0.36479386803122493
SBIN.NS,2026-03-11,1113.4000244140625,0.002070064691444218,1185.0449951171875,1095.1139965820312,0.3603228878191326
SBIN.NS,2026-03-12,1075.0999755859375,-0.03439918087686478,1181.5649963378905,1097.35599609375,0.3697098680163964
SBIN.NS,2026-03-13,1077.5,0.0022323732383626727,1176.2899963378907,1099.40099609375,0.36965276375388084
SBIN.NS,2026-03-16,1048.699951171875,-0.02672858359918795,1169.2749938964844,1100.710994873047,0.37810590880932066
SBIN.NS,2026-03-17,1073.9000244140625,0.024029822080212426,1163.2699951171876,1102.498995361328,0.36338904751400963
SBIN.NS,2026-03-18,1067.5,-0.005959609152215495,1156.3399963378906,1103.8489953613282,0.3093796385680358
SBIN.NS,2026-03-19,1049.5,-0.016861826697892268,1147.8749938964843,1104.6799951171874,0.30722696967588947
SBIN.NS,2026-03-20,1058.4000244140625,0.008480251942889483,1139.6499938964844,1105.393995361328,0.3080702475007667
SBIN.NS,2026-03-23,1039.0,-0.01832957668798474,1131.2899963378907,1106.0419958496093,0.31247810538528664
SBIN.NS,2026-03-24,1055.199951171875,0.015591868307868184,1122.9499938964843,1107.2259948730468,0.28296793790195934
SBIN.NS,2026-03-25,1043.0,-0.011561743495463683,1113.4999938964843,1107.9259948730469,0.26996513205463113
SBIN.NS,2026-03-27,1051.300048828125,0.00795786081315919,1104.6599975585937,1108.49599609375,0.2717561389437227
SBIN.NS,2026-03-30,1005.0,-0.044040755900026096,1094.8599975585937,1107.99599609375,0.2749809152884496
SBIN.NS,2026-04-01,1008.0,0.0029850746268655914,1084.9099975585937,1107.5889965820313,0.2743645072120004
SBIN.NS,2026-04-02,1000.0,-0.007936507936507908,1075.6599975585937,1106.9489965820312,0.27294569227260973
SBIN.NS,2026-04-06,1020.0,0.020000000000000018,1068.054998779297,1106.6489965820313,0.27935674242208314
SBIN.NS,2026-04-07,1025.0,0.004901960784313708,1060.2549987792968,1106.3539965820312,0.2770312036274342
SBIN.NS,2026-04-08,1074.0,0.04780487804878053,1055.5299987792969,1107.1939965820313,0.3166461463223741
SBIN.NS,2026-04-09,1060.0999755859375,-0.012942294612721117,1052.7849975585937,1107.69599609375,0.31646615151933644
SBIN.NS,2026-04-10,1049.0,-0.010470687521525801,1049.679998779297,1107.6379956054689,0.3126843264154216
SBIN.NS,2026-04-13,1042.0,-0.006673021925643452,1046.1099975585937,1107.79599609375,0.3102430333944241
SBIN.NS,2026-04-15,1076.0,0.03262955854126681,1046.1549987792969,1108.1279956054686,0.32923044720147443
SBIN.NS,2026-04-16,1078.0,0.0018587360594795044,1046.179998779297,1108.4279956054688,0.32521920779710306
SBIN.NS,2026-04-17,1067.0,-0.010204081632653073,1047.0950012207031,1108.4879956054688,0.3247961638698162
SBIN.NS,2026-04-20,1080.300048828125,0.012464900494962405,1047.4150024414062,1109.69599609375,0.3252112553316136
SBIN.NS,2026-04-21,1113.4000244140625,0.0306396131536264,1049.7100036621093,1110.2239965820313,0.3383281431163235
SBIN.NS,2026-04-22,1110.0,-0.003053731219246014,1052.7350036621094,1111.1399975585937,0.33724944827526343
SBIN.NS,2026-04-23,1095.0,-0.013513513513513487,1054.5650024414062,1111.6759985351562,0.33801496403623216
SBIN.NS,2026-04-24,1091.3499755859375,-0.003333355629280832,1057.1825012207032,1112.102998046875,0.31152321269913424
SBIN.NS,2026-04-27,1110.949951171875,0.017959386103815422,1059.9700012207031,1111.9219970703125,0.31592235239132643
SBIN.NS,2026-04-28,1102.300048828125,-0.007786041427542023,1062.9350036621095,1110.947998046875,0.3167022398887256
SBIN.NS,2026-04-29,1094.0,-0.007529754568140423,1065.070001220703,1109.9339990234375,0.30061212301777585
SBIN.NS,2026-04-30,1075.0,-0.017367458866544783,1068.570001220703,1107.7739990234375,0.3051079426985521
TCS.NS,2025-05-02,3356.0185874198487,,3356.0185874198487,3356.0185874198487,
TCS.NS,2025-05-05,3334.753505470742,-0.006336401719829521,3345.3860464452955,3345.3860464452955,
TCS.NS,2025-05-06,3344.419677734375,0.0028986167186797474,3345.063923541655,3345.063923541655,
TCS.NS,2025-05-07,3306.335750758935,-0.011387305017066418,3335.3818803459753,3335.3818803459753,
TCS.NS,2025-05-08,3332.820588313161,0.00801032912285038,3334.8696219394124,3334.8696219394124,
TCS.NS,2025-05-09,3285.457736947085,-0.014211041402035884,3326.6343077740244,3326.6343077740244,
TCS.NS,2025-05-12,3387.916425868549,0.031185514203774467,3335.3888960732424,3335.3888960732424,
TCS.NS,2025-05-13,3499.4613194961807,0.03292433448945986,3355.8979490011097,3355.8979490011097,
TCS.NS,2025-05-14,3403.3820953219624,-0.02745543253727145,3361.173965258982,3361.173965258982,
TCS.NS,2025-05-15,3444.945682102287,0.012212436222619472,3369.5511369433125,3369.5511369433125,
TCS.NS,2025-05-16,3473.8465567565913,0.00838935568837984,3379.0325387445196,3379.0325387445196,
TCS.NS,2025-05-19,3431.413341631395,-0.012215051652947784,3383.397605651759,3383.397605651759,
TCS.NS,2025-05-20,3413.82137266364,-0.005126741437506688,3385.737895421904,3385.737895421904,
TCS.NS,2025-05-21,3390.8162851170264,-0.006738808225535187,3386.100637542984,3386.100637542984,
TCS.NS,2025-05-22,3378.250521774226,-0.00370582251770879,3385.5772964917337,3385.5772964917337,
TCS.NS,2025-05-23,3360.85148302262,-0.005150310386829449,3384.031933149914,3384.031933149914,
TCS.NS,2025-05-26,3403.3819012793415,0.012654655664364967,3385.170166569292,3385.170166569292,
TCS.NS,2025-05-27,3414.014574749619,0.0031241493839644363,3386.7726336904216,3386.7726336904216,
TCS.NS,2025-05-28,3402.4152283668,-0.003397567915675803,3387.5959281470728,3387.5959281470728,
TCS.NS,2025-05-29,3387.626702221486,-0.00434647894296325,3387.597466850794,3387.597466850794,
TCS.NS,2025-05-30,3373.417337946492,-0.004194489394500289,3388.4674043771256,3386.9222226172556,
TCS.NS,2025-06-02,3334.7538187399196,-0.011461232137411126,3388.467420040585,3384.550931531922,
TCS.NS,2025-06-03,3330.8873298742683,-0.0011594525640613584,3387.7908026475793,3382.2177314598503,
TCS.NS,2025-06-04,3304.9078969735056,-0.0077995531904536675,3387.719409958308,3378.996488356252,
TCS.NS,2025-06-05,3324.4113841471617,0.0059013708646817875,3387.298949750008,3376.8130841878888,
TCS.NS,2025-06-06,3287.4520036268846,-0.011117571277887595,3387.398663083998,3373.376119550927,
TCS.NS,2025-06-09,3315.634960419095,0.008572887683566899,3383.784589811525,3371.2375581016,
TCS.NS,2025-06-10,3354.6424396212137,0.011764708620754849,3376.5436458177765,3370.6448752987294,
TCS.NS,2025-06-11,3383.8979728571367,0.00872090953431881,3375.5694396945355,3371.101878662812,
TCS.NS,2025-06-12,3385.7505745896515,0.0005474756471308684,3372.6096843189034,3371.5901685270396,
TCS.NS,2025-06-13,3309.003623498393,-0.022667632892762635,3364.3675376559936,3369.5712477196644,0.21057626459207962
TCS.NS,2025-06-16,3354.642349665819,0.013792286549138,3360.5289880577147,3369.1047196554814,0.21369129844453238
TCS.NS,2025-06-17,3422.905437301184,0.020348842147707824,3360.9831912895925,3370.735044432624,0.2213918476844294
TCS.NS,2025-06-18,3431.7796073253016,0.002592584044949442,3363.0313574000056,3372.530472752997,0.21835445682588134
TCS.NS,2025-06-19,3364.394161188714,-0.019635714948812555,3362.33853937073,3372.298006708303,0.22558954767446054
TCS.NS,2025-06-20,3340.0145242959966,-0.0072463676146981015,3361.296691434399,3371.401243307961,0.22254921977265746
TCS.NS,2025-06-23,3330.2626997221478,-0.002919695259679833,3357.6407313565396,3370.289390778615,0.20296771056380816
TCS.NS,2025-06-24,3349.376392565029,0.005739394926555175,3354.40882224731,3369.739048720363,0.1778072933306122
TCS.NS,2025-06-25,3322.7537403887272,-0.007948539983562042,3350.425747848406,3368.53429722468,0.1611778929295503
TCS.NS,2025-06-26,3359.3232652421043,0.011005788484673706,3349.0105759994376,3368.304021425115,0.16037061175717357
TCS.NS,2025-06-27,3369.2703330730474,0.002961033233646271,3348.803225755765,3368.327590001894,0.15843087380649348
TCS.NS,2025-06-30,3354.5447137321717,-0.004370566290370914,3349.792770505378,3367.9994262811865,0.1551908782895473
TCS.NS,2025-07-01,3369.2704183662204,0.0043897774186070215,3351.711924929975,3368.028984236652,0.15528761117236414
TCS.NS,2025-07-02,3400.671024568939,0.009319704952013064,3356.5000813097467,3368.7708487896593,0.1565533304981635
TCS.NS,2025-07-03,3344.8904436190446,-0.016402815958054928,3357.5240342833413,3368.2401731192012,0.16343996151352372
TCS.NS,2025-07-04,3323.4363525656718,-0.006413989161976996,3359.323251730281,3367.2661770202108,0.16380784113610575
TCS.NS,2025-07-07,3333.481005692293,0.003022369638240985,3360.2155539939404,3366.547343587702,0.1594995980865921
TCS.NS,2025-07-08,3320.5107317732236,-0.003890909801772091,3358.508968601541,3365.588247508234,0.1593557740401897
TCS.NS,2025-07-09,3325.3867588452995,0.0014684569531482339,3355.5834079009487,3364.767808964092,0.1593108694668471
TCS.NS,2025-07-10,3296.130925499427,-0.0087977235333766,3351.102425446438,3363.395071294799,0.1607089762132729
TCS.NS,2025-07-11,3218.0184502225306,-0.023698231970279204,3346.5531667826444,3360.635068550853,0.1736435321868764
TCS.NS,2025-07-14,3184.9597625910983,-0.010272995056677336,3338.069037428909,3357.6391936932605,0.17308521802718604
TCS.NS,2025-07-15,3126.448660244279,-0.01837106485113582,3323.246198576063,3353.279773343458,0.17986960159234694
TCS.NS,2025-07-16,3157.607249475903,0.00996612854317247,3309.537580683593,3350.3052033177973,0.18228577083885095
TCS.NS,2025-07-17,3154.7696780470374,-0.0008986460964505172,3299.0563565265097,3346.744185112475,0.18096183626904674
TCS.NS,2025-07-18,3155.6502438038765,0.0002791220427174057,3289.8381425019033,3344.1480352496105,0.17879936667189822
TCS.NS,2025-07-21,3121.4028477301345,-0.010852722395641501,3279.3951499023033,3338.8177636868418,0.1783406227893351
TCS.NS,2025-07-22,3091.65673828125,-0.009529724582174826,3266.5091671881137,3330.661672062544,0.17475465505821353
TCS.NS,2025-07-23,3091.6566291573,-3.529626968479249e-08,3254.9543116265427,3324.4271627392504,0.17161963398779767
TCS.NS,2025-07-24,3097.0385335433134,0.0017407833506661863,3241.840075041603,3317.469019768071,0.17186559611535174
TCS.NS,2025-07-25,3072.4780444334683,-0.007930314345086842,3227.0004606096236,3309.4416495216083,0.16217792249449367
TCS.NS,2025-07-28,3043.123036074506,-0.009554180024864856,3211.429376726741,3301.675843410471,0.15589331124766295
TCS.NS,2025-07-29,2994.1984086760676,-0.01607711118428823,3192.675776242233,3293.2833841307192,0.14332685840854584
TCS.NS,2025-07-30,2994.1983151611034,-3.123205327693057e-08,3172.3521407718413,3285.351024731601,0.1424201158084002
TCS.NS,2025-07-31,2976.2918502873677,-0.005980387064900339,3153.9222111052577,3277.311851301864,0.13511908678657286
TCS.NS,2025-08-01,2964.7455243430377,-0.0038794333772124157,3135.9876696941255,3269.3897321282725,0.13477720630064324
TCS.NS,2025-08-04,2944.392964480288,-0.006864858955225039,3116.5332676335256,3260.2099533922906,0.13500508399147282
TCS.NS,2025-08-05,3008.2886143717656,0.021700788808519667,3100.9221617634526,3252.0954341847337,0.15193790313860508
TCS.NS,2025-08-06,2997.1337788834585,-0.0037080336756972754,3084.5095127653603,3243.989805195067,0.15136212378980562
TCS.NS,2025-08-07,2951.1446440658847,-0.015344371726612183,3067.2601986936834,3235.260164031955,0.14883304103308134
TCS.NS,2025-08-08,2982.5543093380406,0.01064321443386862,3055.4869916494586,3227.4429034597856,0.15366177360450933
TCS.NS,2025-08-11,2971.1058502168585,-0.0038384746542043935,3044.794296030747,3220.1699440893253,0.1536586704252902
TCS.NS,2025-08-12,2975.6068714078456,0.001514931280774956,3037.252206588925,3213.0643349199963,0.15251756365266916
TCS.NS,2025-08-13,2970.812449963036,-0.0016112415557573145,3027.912466613282,3206.3824259797866,0.14737071163832655
TCS.NS,2025-08-14,2968.757439673081,-0.0006917334313650825,3018.611854694584,3199.2693470903055,0.14327811678538335
TCS.NS,2025-08-18,2980.988718063058,0.004119999238241467,3009.8787784075435,3193.1400813790287,0.14493374698670636
TCS.NS,2025-08-19,2946.4478507969,-0.01158705065096699,3001.1310285608815,3185.7563391865847,0.1453369596600037
TCS.NS,2025-08-20,2946.1539583708727,-9.974465556816803e-05,2993.8558895653628,3177.586569561578,0.14579103468825286
TCS.NS,2025-08-21,3062.693270119804,0.03955642284674554,2992.407721613488,3171.162475506831,0.19240565563184736
TCS.NS,2025-08-22,3019.639270954844,-0.014057561553748266,2988.5377584840644,3163.840249434135,0.1944545728600556
TCS.NS,2025-08-25,3020.9112915939663,0.00042124920395547605,2985.9594208420895,3158.078402796047,0.18427612806503
TCS.NS,2025-08-26,3061.714802808035,0.013507020655525004,2986.8890091787657,3152.219851858891,0.18789721459906672
TCS.NS,2025-08-28,3077.3704857914763,0.005113370771530512,2991.0476130345364,3145.3091528286973,0.18151936627030515
TCS.NS,2025-08-29,3026.4887537573413,-0.016534158714090808,2992.662134964348,3137.2033357573378,0.18451096206926781
TCS.NS,2025-09-01,3023.5531276055535,-0.0009699775517564291,2995.0251988302575,3130.3865150856745,0.1845095680007955
TCS.NS,2025-09-02,3053.98447906176,0.010064764921232205,2999.4871465661936,3124.6659141809896,0.18741743911841563
TCS.NS,2025-09-03,3062.595025627338,0.00281944673413137,3005.397249623546,3119.312560699094,0.1853648581115095
TCS.NS,2025-09-04,3048.9943814611165,-0.004440888871174109,3007.432537978014,3113.3049204770155,0.18380731365885886
TCS.NS,2025-09-05,3030.5006621101975,-0.006065514408083783,3009.1008821393507,3107.459858911445,0.18453215683798588
TCS.NS,2025-09-08,2984.413460841752,-0.015207784589743034,3010.764322978144,3099.961662823438,0.18914343048057222
TCS.NS,2025-09-09,2966.898378981974,-0.005868852318752782,3009.981526460341,3091.9142237416168,0.18859637444568583
TCS.NS,2025-09-10,2990.675797260498,0.008014234139924525,3010.9600238125226,3084.6368454121825,0.18862434733999128
TCS.NS,2025-09-11,3071.4996140027415,0.027025268608613207,3015.754660942267,3078.681429324913,0.19880875883520982
TCS.NS,2025-09-12,3076.3921752202637,0.0015928900642596666,3021.0336472051285,3072.1958523379394,0.19879795703659062
TCS.NS,2025-09-15,3066.6070389449774,-0.003180718100281088,3025.9261271687237,3066.630184244458,0.1981108097525742
TCS.NS,2025-09-16,3060.7363278880744,-0.0019143995244081946,3029.913507659974,3061.3761837509064,0.19776564767228902
TCS.NS,2025-09-17,3084.2199854121977,0.00767255163737901,3036.8021143907395,3056.3909633453045,0.19714162472050004
TCS.NS,2025-09-18,3116.51048247651,0.01046958297950229,3045.3199405960213,3052.31095835937,0.18975012941796082
TCS.NS,2025-09-19,3101.8328935510035,-0.004709622832342553,3047.276921767581,3047.839881053484,0.1899994548114412
TCS.NS,2025-09-22,3028.445731768582,-0.02365928929795036,3047.7172448082683,3042.4861771788674,0.1976697392690064
TCS.NS,2025-09-23,3003.983297445149,-0.008077554128449571,3046.870845100827,3038.2054741233196,0.1971272764083742
TCS.NS,2025-09-24,2984.4133369924134,-0.006514670194531336,3043.005771810046,3034.194545611346,0.19776852904360756
TCS.NS,2025-09-25,2957.015390749667,-0.009180345732658135,3036.9880170579554,3030.8058802214537,0.19958253060380343
TCS.NS,2025-09-26,2877.7574418213358,-0.02680336029912833,3029.5514514611555,3025.2088840683627,0.21403581416554426
TCS.NS,2025-09-29,2853.2947314486933,-0.008500615797959687,3021.0385316533125,3019.1793851363955,0.21514040763820563
TCS.NS,2025-09-30,2848.402439766557,-0.0017146114028158133,3010.759429688552,3013.034429055649,0.21454261437243655
TCS.NS,2025-10-01,2828.8326264436423,-0.006870452380499548,2999.0713097293674,3007.1830246299196,0.21303198097922169
TCS.NS,2025-10-03,2861.1229086009284,0.011414702254010978,2989.6777360863575,3002.572348036313,0.21617259341515627
TCS.NS,2025-10-06,2839.5959635916415,-0.007523949755731896,2980.1325011604304,2997.531134725,0.17960571938376357
TCS.NS,2025-10-07,2930.5959216848555,0.03204679794589982,2977.4416242025854,2994.2022824878304,0.20203327621795641
TCS.NS,2025-10-08,2911.0260640606234,-0.006677774127584635,2974.648008456518,2990.9732428803736,0.20267066229982403
TCS.NS,2025-10-09,2968.757519004287,0.0198319952048569,2973.5520945437074,2989.4859325389693,0.20742042571790933
TCS.NS,2025-10-10,2984.413250266025,0.005273496121363408,2969.197776356871,2989.2902293707684,0.2074615818177222
TCS.NS,2025-10-13,2961.908209472205,-0.007540859427498603,2963.473578069468,2988.6444272569906,0.20318048956930088
TCS.NS,2025-10-14,2956.0370052457697,-0.0019822370617897933,2957.945076384508,2988.2393303561585,0.20321595971942585
TCS.NS,2025-10-15,2917.954894078994,-0.012882826263404423,2950.806004694054,2987.3035177508777,0.2035620269276702
TCS.NS,2025-10-16,2916.87439174088,-0.0003702943936201297,2942.4387250104883,2986.753146296089,0.20319183570430394
TCS.NS,2025-10-17,2916.972551528368,3.365238755770328e-05,2932.461828463081,2984.9268250392215,0.20305145403127692
TCS.NS,2025-10-20,2932.1958010354274,0.005218852504828231,2923.979973837302,2983.628065482261,0.20342984538663433
TCS.NS,2025-10-21,2976.981832168517,0.015273888298071636,2921.406778857299,2984.1448092443134,0.20413766162912864
TCS.NS,2025-10-23,3000.4550745732363,0.007884912884275286,2921.2303677137033,2984.502824549018,0.2045951495013
TCS.NS,2025-10-24,3025.0086400055093,0.008183280476467436,2923.2601328643586,2985.580880344791,0.20465000282807103
TCS.NS,2025-10-27,3011.7496607245316,-0.0043831211275329185,2925.996846363101,2986.3037361311244,0.1888587606850573
TCS.NS,2025-10-28,3021.0801556355614,0.003098031364527465,2933.162982053813,2987.309090244575,0.18905995391628164
TCS.NS,2025-10-29,3003.3032409472494,-0.0058842909729325266,2940.66340752874,2988.0000062700583,0.1895503150112102
TCS.NS,2025-10-30,2994.6603471523654,-0.0028777959138611697,2947.976302898031,2988.2734388518443,0.18962775471781596
TCS.NS,2025-10-31,2980.8120174669925,-0.00462434068642914,2955.5752724491986,2988.9607221852457,0.18827761298845636
TCS.NS,2025-11-03,2992.499451583931,0.00392088935781687,2962.144099598349,2989.8876320495074,0.18572977820694864
TCS.NS,2025-11-04,2965.6872390451917,-0.008959805330807202,2968.448663371026,2987.9475114280153,0.18681577060801013
TCS.NS,2025-11-06,2936.7138956519902,-0.009769520875886228,2968.7545620693827,2986.289003921958,0.1765056842474247
TCS.NS,2025-11-07,2947.419237380036,0.003645347183427017,2970.5742207353533,2984.819162837679,0.17566903367394246
TCS.NS,2025-11-10,2939.5619693268272,-0.0026658128418111104,2969.11444325148,2982.376106168055,0.17489054771562754
TCS.NS,2025-11-11,2990.633609021809,0.01737389455568361,2969.4254611892698,2980.641368632662,0.180219365121382
TCS.NS,2025-11-12,3005.3656835637266,0.00492607135072487,2971.5983348938457,2980.2189072287897,0.16097640828056203
TCS.NS,2025-11-13,3075.8838537295965,0.023464089761699336,2977.590677318037,2981.265521751271,0.17012451528676983
TCS.NS,2025-11-14,3034.830102963518,-0.013346976907564145,2983.4344377622633,2980.882434229306,0.17590780593095515
TCS.NS,2025-11-17,3050.544457369475,0.005178001361793472,2990.117941043693,2980.641422864148,0.17397995020244805
TCS.NS,2025-11-18,3046.6158078736476,-0.0012878519066773508,2996.600103860957,2980.593851392399,0.17225894818141071
TCS.NS,2025-11-19,3041.705020306013,-0.001611882783166485,3002.0755648244863,2980.817938556315,0.17021313563873774
TCS.NS,2025-11-20,3091.794673762747,0.016467623626335248,3007.8162069041978,2982.9655628147348,0.15156056736310364
TCS.NS,2025-11-21,3088.6516518716926,-0.0010165687643253207,3012.2260357691207,2985.4006282725295,0.1496754133571296
TCS.NS,2025-11-24,3101.616062202543,0.004197433635157344,3016.056406878972,2987.6194335713703,0.14005681078657573
TCS.NS,2025-11-25,3089.142887490615,-0.004021508291735643,3019.926068217276,2987.9722990411283,0.14046965505831233
TCS.NS,2025-11-26,3063.115986297256,-0.008425282397507172,3022.027859750361,2987.7067752626676,0.14096972365818825
TCS.NS,2025-11-27,3123.223169867727,0.01962288853551697,3028.023856196385,2988.8390978811226,0.15037993786270348
TCS.NS,2025-11-28,3083.937297684263,-0.012578631127767914,3032.48770372298,2989.3031172770466,0.15012282711600305
TCS.NS,2025-12-01,3081.8747335418534,-0.0006688087153906563,3037.540839526723,2989.25621223964,0.150164350215612
TCS.NS,2025-12-02,3075.0980746626374,-0.0021988755108900415,3041.6707706806583,2988.4279640833624,0.15054166859215615
TCS.NS,2025-12-03,3083.9373188138757,0.0028744592649156964,3047.5832746690926,2988.07005258862,0.15023264141130893
TCS.NS,2025-12-04,3136.9731988901626,0.017197457209242373,3057.596239831001,2990.2406019310515,0.15183486643406158
TCS.NS,2025-12-05,3172.330486734928,0.011271147569024365,3068.8418022987457,2993.6075457168467,0.1533258232762039
TCS.NS,2025-12-08,3185.0983021118977,0.004024743143994147,3081.118618937999,2997.621245019237,0.15231613264725855
TCS.NS,2025-12-09,3172.330579931189,-0.004008580260220884,3090.2034674834686,3001.927548802867,0.1521885831617215
TCS.NS,2025-12-10,3167.41989738469,-0.0015479731455367851,3098.3061781745164,3007.720797914134,0.152433693617884
TCS.NS,2025-12-11,3147.7768486239356,-0.006201592904361508,3101.9008279192335,3013.610440257639,0.1525721854631341
TCS.NS,2025-12-12,3140.607031689688,-0.002277739903126186,3107.1896743555417,3019.4545320961015,0.15242859618629648
TCS.NS,2025-12-15,3153.7680172761306,0.0041905865501936646,3112.3508523508744,3025.953239912751,0.15142247570244804
TCS.NS,2025-12-16,3162.509118995985,0.002771637505349478,3118.1455179069917,3031.980964120652,0.15132748546581928
TCS.NS,2025-12-17,3143.3572206041695,-0.00605591878827394,3123.228127921899,3038.0561892609026,0.14974450336825296
TCS.NS,2025-12-18,3170.366292342023,0.008592428363156879,3127.156708850863,3042.851596674046,0.14664511656376486
TCS.NS,2025-12-19,3240.09857605464,0.021995024322916334,3134.7290550600105,3049.4330469139263,0.15705973708720727
TCS.NS,2025-12-22,3250.9022578364156,0.0033343682385524875,3142.1933648417044,3055.0759416905694,0.1560694926587603
TCS.NS,2025-12-23,3260.625245626059,0.0029908582351887425,3150.767482748476,3060.6001815977697,0.15034739779430775
TCS.NS,2025-12-24,3245.107580613968,-0.0047591071782649985,3159.867062464312,3066.264169020605,0.15184210014128474
TCS.NS,2025-12-26,3253.9468611908032,0.0027238790570891513,3166.4032470304655,3072.2223661395055,0.138386602297256
TCS.NS,2025-12-29,3221.437683809396,-0.009990690926498513,3173.2782663367225,3078.2920219341136,0.13548170657524655
TCS.NS,2025-12-30,3191.973384551631,-0.009146319795614533,3178.7831988872113,3083.7940017903293,0.13890352271293463
TCS.NS,2025-12-31,3182.151893056932,-0.0030769340190093253,3184.1358898069257,3089.0975886209008,0.13931715069218628
TCS.NS,2026-01-01,3157.59834501185,-0.00771602012419792,3187.8189411168246,3093.605639500429,0.14160229264452748
TCS.NS,2026-01-02,3176.2591039024273,0.005909794993418371,3189.783236367438,3097.591184935107,0.13491403915270953
TCS.NS,2026-01-05,3182.642968809425,0.002009869062367775,3190.2988604711627,3101.2349428198304,0.13481901098304477
TCS.NS,2026-01-06,3152.6876022111082,-0.00941210399403436,3188.6783254761235,3103.7885220639423,0.13778200083000705
TCS.NS,2026-01-07,3185.0000101265678,0.01024916261693587,3189.311796985892,3107.2535290519836,0.1398324924873009
TCS.NS,2026-01-08,3228.2143763788763,0.013568089831996977,3192.3515209356015,3111.396213466849,0.14139333310723481
TCS.NS,2026-01-09,3134.0267606372377,-0.029176381974759025,3191.664016536267,3114.010683860649,0.15770598178890904
TCS.NS,2026-01-12,3145.8126491306843,0.003760621524192098,3191.9242974083163,3117.033729900216,0.15328267544384616
TCS.NS,2026-01-13,3187.0627488471305,0.013112700696859658,3193.5890339868665,3121.1587445278187,0.15735733217770226
TCS.NS,2026-01-14,3201.7948316366483,0.004622463989718106,3195.5533196188994,3125.344652128873,0.15733139571702376
TCS.NS,2026-01-15,3135.5,-0.020705521472392574,3195.160458588691,3128.740907347969,0.1697561074126259
TCS.NS,2026-01-16,3219.39990234375,0.026758061662812915,3197.6121390887774,3134.3946274818045,0.17983696474565172
TCS.NS,2026-01-19,3188.0,-0.00975334015537821,3195.0072102860454,3139.206242734204,0.17965167825884418
TCS.NS,2026-01-20,3151.60009765625,-0.011417786180599077,3190.042102277037,3143.4470053007917,0.18236894889071506
TCS.NS,2026-01-21,3100.0,-0.016372666600252828,3182.0108399957344,3145.6343331203557,0.1879944269156471
TCS.NS,2026-01-22,3150.0,0.016129032258064502,3177.2554609650356,3148.5270194490813,0.19418138017472766
TCS.NS,2026-01-23,3190.300048828125,0.012793666294642847,3174.0731203469018,3150.8153433510515,0.19679123562343015
TCS.NS,2026-01-27,3175.0,-0.0047958024618233175,3171.7512361564322,3153.618741291781,0.1972373251966014
TCS.NS,2026-01-28,3176.0,0.0003149606299213126,3170.9525669288505,3156.127852144392,0.19691612956483917
TCS.NS,2026-01-29,3200.10009765625,0.007588191957257573,3171.8499771588167,3159.1975379400437,0.19793183720613416
TCS.NS,2026-01-30,3141.0,-0.01846820282263506,3171.020059908224,3161.183437533924,0.2046429204281699
TCS.NS,2026-02-02,3198.0,0.018147086914995114,3172.1071047131027,3163.307544058669,0.20991230127289115
TCS.NS,2026-02-03,3350.0,0.047529706066291366,3180.474956272631,3168.5345110212347,0.24317701481652046
TCS.NS,2026-02-04,3120.0,-0.06865671641791049,3178.8405761620756,3168.9021897771845,0.3162764581490344
TCS.NS,2026-02-05,2990.0,-0.04166666666666663,3169.090575655747,3166.9193320273716,0.3369717372133769
TCS.NS,2026-02-06,2976.60009765625,-0.004481572690217428,3156.5098617196163,3165.1890142545517,0.3369576969587068
TCS.NS,2026-02-09,2959.10009765625,-0.005879190830430758,3147.7635285705665,3161.906552810322,0.33668698237305467
TCS.NS,2026-02-10,2949.800048828125,-0.003142863884696312,3137.9628985554386,3159.2238078331993,0.33602530564635147
TCS.NS,2026-02-11,2980.0,0.010237965513585356,3127.609761113082,3157.1863131623622,0.33749347569564175
TCS.NS,2026-02-12,2869.800048828125,-0.0369798493865352,3111.0100219726564,3153.0803526456716,0.3523525480193897
TCS.NS,2026-02-13,2585.0,-0.09924038050818984,3083.4850219726563,3143.1016062693943,0.44911651591283025
TCS.NS,2026-02-16,2700.0,0.044487427466150864,3057.515026855469,3134.362142291591,0.47154801984076555
TCS.NS,2026-02-17,2716.0,0.00592592592592589,3033.9150268554686,3125.235532556893,0.47218725308068993
TCS.NS,2026-02-18,2730.0,0.005154639175257714,3012.8350219726562,3116.133566514655,0.47284605865943125
TCS.NS,2026-02-19,2708.0,-0.00805860805860803,2993.2350219726563,3106.846954916031,0.47090897782535956
TCS.NS,2026-02-20,2667.0,-0.015140324963072382,2969.0850219726562,3096.8385569683373,0.4684402833203533
TCS.NS,2026-02-23,2686.0,0.007124109486314145,2943.87001953125,3087.6030199958586,0.46457346219164675
TCS.NS,2026-02-24,2641.0,-0.016753536857781137,2917.17001953125,3077.6108793620647,0.465130321290871
TCS.NS,2026-02-25,2596.0,-0.017039000378644475,2888.17001953125,3066.4555190165424,0.46291374106192423
TCS.NS,2026-02-26,2650.0,0.02080123266563949,2860.6650146484376,3056.2053366366226,0.46859860814395976
TCS.NS,2026-02-27,2681.60009765625,0.01192456515330198,2837.69501953125,3046.9701941776643,0.4691535630308014
TCS.NS,2026-03-02,2592.0,-0.033412923028516284,2807.39501953125,3035.402868330824,0.4664265698641988
TCS.NS,2026-03-04,2625.0,0.0127314814814814,2771.14501953125,3023.100896809731,0.4697177021394161
TCS.NS,2026-03-05,2600.0,-0.00952380952380949,2745.14501953125,3010.0828516530023,0.46956064127528296
TCS.NS,2026-03-06,2572.0,-0.010769230769230753,2724.24501953125,2996.3103467404812,0.46876077568023117
TCS.NS,2026-03-09,2530.0,-0.016329704510108844,2701.9150146484376,2982.0081951282023,0.46500841372170704
TCS.NS,2026-03-10,2541.0,0.004347826086956497,2681.010009765625,2967.749257904386,0.462545438585142
TCS.NS,2026-03-11,2508.10009765625,-0.012947619969992163,2658.925012207031,2953.482506181323,0.4627906717252305
TCS.NS,2026-03-12,2459.800048828125,-0.01925762407698961,2632.9150146484376,2938.8390394668527,0.463429431398292
TCS.NS,2026-03-13,2437.0,-0.00926906593037402,2611.275012207031,2923.936001605714,0.4610530783061937
TCS.NS,2026-03-16,2410.0,-0.01107919573245797,2602.525012207031,2908.984034705477,0.46017813416628545
TCS.NS,2026-03-17,2420.0,0.004149377593360981,2588.525012207031,2893.858852627429,0.45492637926717927
TCS.NS,2026-03-18,2410.0,-0.004132231404958664,2573.2250122070313,2878.40599325124,0.42280652293462684
TCS.NS,2026-03-19,2417.0,0.0029045643153526868,2557.5750122070312,2863.692241207018,0.38669235139923935
TCS.NS,2026-03-20,2386.0,-0.012825817128671924,2541.4750122070313,2847.7122410044867,0.37380738192925017
TCS.NS,2026-03-23,2365.0,-0.008801341156747688,2526.3750122070314,2830.4479534769093,0.3737424735605028
TCS.NS,2026-03-24,2404.10009765625,0.01653281084830871,2512.2800170898436,2815.8494202172897,0.3801045024081917
TCS.NS,2026-03-25,2400.89990234375,-0.0013311406274721937,2500.275012207031,2800.9511652815504,0.3802844430498154
TCS.NS,2026-03-27,2403.89990234375,0.0012495314765399446,2490.6700073242187,2785.287908351483,0.3777195432519326
TCS.NS,2026-03-30,2375.10009765625,-0.011980450874606197,2476.925012207031,2768.754013671875,0.36719484517793305
TCS.NS,2026-04-01,2429.0,0.02269373926468976,2464.2950073242187,2754.624013671875,0.24934623013679508
TCS.NS,2026-04-02,2386.0,-0.017702758336764046,2453.995007324219,2737.956015625,0.21087068068393375
TCS.NS,2026-04-06,2474.0,0.03688181056160933,2446.4450073242188,2723.676015625,0.24056300829106503
TCS.NS,2026-04-07,2461.0,-0.005254648342764789,2439.495007324219,2709.864013671875,0.23938745873068315
TCS.NS,2026-04-08,2572.0,0.04510361641609095,2439.495007324219,2699.304013671875,0.27692794236961316
TCS.NS,2026-04-09,2554.0,-0.006998444790046632,2440.6950073242188,2687.384013671875,0.27445536188975345
TCS.NS,2026-04-10,2565.800048828125,0.004620222720487455,2441.935009765625,2674.894013671875,0.27388296654098315
TCS.NS,2026-04-13,2489.89990234375,-0.02958147363004404,2441.025,2661.19201171875,0.28252616310002465
TCS.NS,2026-04-15,2501.89990234375,0.004819470850496499,2443.129992675781,2647.710009765625,0.2793728090855208
TCS.NS,2026-04-16,2572.0,0.02801874591009068,2449.879992675781,2635.1480078125,0.28501154420555214
TCS.NS,2026-04-17,2570.0,-0.0007776049766718973,2457.879992675781,2623.7280078125,0.28243387415822896
TCS.NS,2026-04-20,2587.10009765625,0.006653734496595343,2466.234997558594,2611.510009765625,0.26620946740394247
TCS.NS,2026-04-21,2560.0,-0.01047508663495511,2473.734997558594,2595.710009765625,0.2651137569729254
TCS.NS,2026-04-22,2580.0,0.0078125,2481.8849975585936,2584.910009765625,0.26486217528650924
TCS.NS,2026-04-23,2529.0,-0.019767441860465085,2489.0349975585937,2575.690009765625,0.2692523032302194
TCS.NS,2026-04-24,2488.0,-0.016211941478845415,2495.1849975585938,2565.9180078125,0.26919206207488916
TCS.NS,2026-04-27,2396.89990234375,-0.036615794877914,2494.824987792969,2554.67400390625,0.288383894089971
TCS.NS,2026-04-28,2444.0,0.019650423286426966,2496.9799926757814,2544.5580029296875,0.2928613598801767
TCS.NS,2026-04-29,2451.0,0.002864157119476296,2499.334997558594,2533.9780029296876,0.2876516255282908
TCS.NS,2026-04-30,2479.0,0.011423908608731104,2504.529992675781,2526.162001953125,0.2880852498604109
